{"stats":{"minecraft:custom":{"minecraft:mob_kills":27,"minecraft:interact_with_crafting_table":28,"minecraft:leave_game":3,"minecraft:time_since_death":72,"minecraft:sprint_one_cm":210995,"minecraft:walk_one_cm":287773,"minecraft:damage_blocked_by_shield":781,"minecraft:drop":18,"minecraft:play_time":122999,"minecraft:deaths":7,"minecraft:sneak_time":2726,"minecraft:walk_under_water_one_cm":8353,"minecraft:boat_one_cm":99503,"minecraft:jump":2537,"minecraft:walk_on_water_one_cm":26865,"minecraft:total_world_time":122999,"minecraft:interact_with_furnace":63,"minecraft:sleep_in_bed":1,"minecraft:time_since_rest":92,"minecraft:damage_taken":2921,"minecraft:damage_dealt":4885,"minecraft:swim_one_cm":31535,"minecraft:fly_one_cm":300658,"minecraft:open_chest":8,"minecraft:crouch_one_cm":4253,"minecraft:fall_one_cm":71031},"minecraft:killed":{"minecraft:spider":3,"minecraft:skeleton":5,"minecraft:drowned":1,"minecraft:sheep":3,"minecraft:zombie":13,"minecraft:enderman":1},"minecraft:picked_up":{"minecraft:wooden_axe":3,"minecraft:crafting_table":1,"minecraft:iron_chestplate":2,"minecraft:diamond_sword":1,"minecraft:shield":2,"minecraft:string":6,"minecraft:raw_copper":57,"minecraft:iron_leggings":2,"minecraft:cobbled_deepslate":193,"minecraft:iron_pickaxe":2,"minecraft:birch_sapling":1,"minecraft:iron_boots":2,"minecraft:egg":1,"minecraft:dark_oak_door":1,"minecraft:stick":70,"minecraft:raw_iron":186,"minecraft:torch":76,"minecraft:diorite":9,"minecraft:redstone":72,"minecraft:dark_oak_planks":65,"minecraft:arrow":16,"minecraft:stone_sword":5,"minecraft:rotten_flesh":14,"minecraft:mutton":6,"minecraft:white_wool":7,"minecraft:cobblestone":379,"minecraft:birch_log":9,"minecraft:andesite":30,"minecraft:tuff":14,"minecraft:oak_log":7,"minecraft:lapis_lazuli":105,"minecraft:dirt":6,"minecraft:cooked_mutton":4,"minecraft:bone":26,"minecraft:kelp":21,"minecraft:bow":1,"minecraft:wheat_seeds":1,"minecraft:raw_gold":33,"minecraft:stone_pickaxe":4,"minecraft:iron_ingot":55,"minecraft:iron_sword":2,"minecraft:cooked_porkchop":2,"minecraft:gravel":8,"minecraft:grass_block":2,"minecraft:dark_oak_log":40,"minecraft:dried_kelp_block":6,"minecraft:diamond":18,"minecraft:stone_axe":2,"minecraft:iron_helmet":2,"minecraft:coal":114},"minecraft:broken":{"minecraft:wooden_pickaxe":1,"minecraft:stone_pickaxe":2,"minecraft:iron_pickaxe":1},"minecraft:mined":{"minecraft:tuff":5,"minecraft:dark_oak_leaves":1,"minecraft:deepslate_diamond_ore":10,"minecraft:dark_oak_log":40,"minecraft:grass_block":3,"minecraft:kelp":15,"minecraft:iron_ore":63,"minecraft:cobbled_deepslate":6,"minecraft:andesite":22,"minecraft:deepslate_iron_ore":49,"minecraft:stone":358,"minecraft:deepslate_redstone_ore":5,"minecraft:kelp_plant":13,"minecraft:crafting_table":1,"minecraft:torch":3,"minecraft:short_grass":5,"minecraft:copper_ore":6,"minecraft:cobblestone":10,"minecraft:dried_kelp_block":2,"minecraft:lapis_ore":6,"minecraft:deepslate_gold_ore":12,"minecraft:wall_torch":5,"minecraft:seagrass":5,"minecraft:dark_oak_door":1,"minecraft:birch_log":9,"minecraft:oak_log":7,"minecraft:coal_ore":108,"minecraft:gravel":6,"minecraft:dirt":3,"minecraft:gold_ore":1,"minecraft:oak_leaves":4,"minecraft:deepslate":134},"minecraft:crafted":{"minecraft:wooden_sword":1,"minecraft:oak_planks":28,"minecraft:cooked_mutton":2,"minecraft:dark_oak_door":3,"minecraft:iron_boots":1,"minecraft:bow":1,"minecraft:stone_pickaxe":4,"minecraft:dried_kelp_block":2,"minecraft:dark_oak_planks":129,"minecraft:cooked_beef":4,"minecraft:wooden_shovel":1,"minecraft:diamond_sword":1,"minecraft:crafting_table":4,"minecraft:dried_kelp":45,"minecraft:wooden_pickaxe":1,"minecraft:iron_helmet":1,"minecraft:iron_sword":1,"minecraft:birch_planks":20,"minecraft:stone_axe":1,"minecraft:iron_chestplate":1,"minecraft:stick":124,"minecraft:iron_pickaxe":2,"minecraft:iron_ingot":47,"minecraft:wooden_axe":1,"minecraft:stone_sword":2,"minecraft:iron_leggings":1,"minecraft:white_bed":1,"minecraft:torch":152},"minecraft:dropped":{"minecraft:wheat_seeds":1,"minecraft:mutton":1,"minecraft:wooden_axe":1,"minecraft:dark_oak_planks":4,"minecraft:dark_oak_door":2,"minecraft:stone_sword":4,"minecraft:cobbled_deepslate":60,"minecraft:birch_sapling":1,"minecraft:wooden_shovel":1,"minecraft:arrow":2,"minecraft:stone_pickaxe":3,"minecraft:egg":1},"minecraft:used":{"minecraft:stone_sword":65,"minecraft:dried_kelp":26,"minecraft:shield":31,"minecraft:iron_sword":63,"minecraft:rotten_flesh":18,"minecraft:dried_kelp_block":2,"minecraft:iron_chestplate":1,"minecraft:torch":92,"minecraft:dirt":3,"minecraft:mutton":1,"minecraft:tuff":1,"minecraft:wooden_axe":42,"minecraft:dark_oak_planks":1,"minecraft:grass_block":1,"minecraft:iron_helmet":1,"minecraft:iron_boots":1,"minecraft:cooked_beef":4,"minecraft:cobbled_deepslate":74,"minecraft:iron_leggings":1,"minecraft:cooked_mutton":6,"minecraft:birch_planks":2,"minecraft:stone_pickaxe":414,"minecraft:wooden_pickaxe":59,"minecraft:white_wool":1,"minecraft:crafting_table":5,"minecraft:white_bed":1,"minecraft:dark_oak_door":2,"minecraft:dark_oak_log":3,"minecraft:iron_pickaxe":326,"minecraft:gravel":4,"minecraft:stone_axe":13,"minecraft:diamond_sword":17,"minecraft:wooden_sword":5,"minecraft:cobblestone":154,"minecraft:cooked_porkchop":2,"minecraft:birch_log":1},"minecraft:killed_by":{"minecraft:player":4,"minecraft:skeleton":2,"minecraft:zombie":1}},"DataVersion":3839}