{"stats":{"minecraft:mined":{"minecraft:tuff":7,"minecraft:white_bed":2,"minecraft:dark_oak_leaves":1,"minecraft:deepslate_diamond_ore":10,"minecraft:dark_oak_log":40,"minecraft:granite":1,"minecraft:grass_block":4,"minecraft:kelp":15,"minecraft:iron_ore":69,"minecraft:cobbled_deepslate":23,"minecraft:fire":1,"minecraft:andesite":23,"minecraft:deepslate_lapis_ore":4,"minecraft:deepslate_iron_ore":76,"minecraft:stone":388,"minecraft:deepslate_redstone_ore":9,"minecraft:kelp_plant":13,"minecraft:powder_snow":2,"minecraft:crafting_table":1,"minecraft:torch":10,"minecraft:short_grass":11,"minecraft:emerald_ore":1,"minecraft:tall_grass":1,"minecraft:copper_ore":6,"minecraft:cobblestone":28,"minecraft:dried_kelp_block":2,"minecraft:lapis_ore":6,"minecraft:deepslate_gold_ore":21,"minecraft:wall_torch":6,"minecraft:seagrass":5,"minecraft:dark_oak_door":1,"minecraft:birch_log":9,"minecraft:oak_log":7,"minecraft:coal_ore":108,"minecraft:gravel":10,"minecraft:dirt":6,"minecraft:gold_ore":1,"minecraft:oak_leaves":5,"minecraft:deepslate":325},"minecraft:picked_up":{"minecraft:wooden_axe":3,"minecraft:iron_chestplate":2,"minecraft:crafting_table":1,"minecraft:diamond_sword":1,"minecraft:shield":2,"minecraft:string":10,"minecraft:raw_copper":76,"minecraft:iron_leggings":2,"minecraft:cobbled_deepslate":409,"minecraft:iron_pickaxe":2,"minecraft:birch_sapling":1,"minecraft:iron_boots":2,"minecraft:egg":1,"minecraft:dark_oak_door":1,"minecraft:stick":70,"minecraft:raw_iron":219,"minecraft:torch":82,"minecraft:diorite":20,"minecraft:carrot":1,"minecraft:redstone":91,"minecraft:dark_oak_planks":65,"minecraft:stone_sword":5,"minecraft:arrow":20,"minecraft:rotten_flesh":33,"minecraft:mutton":6,"minecraft:snowball":16,"minecraft:white_wool":8,"minecraft:cobblestone":487,"minecraft:birch_log":9,"minecraft:andesite":60,"minecraft:flint":4,"minecraft:tuff":16,"minecraft:oak_log":7,"minecraft:gunpowder":1,"minecraft:lapis_lazuli":134,"minecraft:dirt":6,"minecraft:cooked_mutton":4,"minecraft:bone":28,"minecraft:kelp":21,"minecraft:bow":1,"minecraft:wheat_seeds":1,"minecraft:raw_gold":42,"minecraft:stone_pickaxe":5,"minecraft:iron_ingot":55,"minecraft:iron_sword":3,"minecraft:cooked_porkchop":2,"minecraft:lava_bucket":2,"minecraft:gravel":12,"minecraft:white_bed":2,"minecraft:grass_block":2,"minecraft:dark_oak_log":40,"minecraft:dried_kelp_block":6,"minecraft:slime_ball":19,"minecraft:diamond":18,"minecraft:stone_axe":2,"minecraft:iron_helmet":2,"minecraft:granite":3,"minecraft:emerald":1,"minecraft:bread":65,"minecraft:coal":114},"minecraft:killed":{"minecraft:spider":3,"minecraft:slime":21,"minecraft:skeleton":8,"minecraft:drowned":1,"minecraft:zombie_villager":1,"minecraft:bat":1,"minecraft:creeper":1,"minecraft:sheep":3,"minecraft:zombie":30,"minecraft:enderman":1},"minecraft:dropped":{"minecraft:iron_ingot":20,"minecraft:bread":1,"minecraft:iron_sword":1,"minecraft:wheat_seeds":1,"minecraft:diamond":8,"minecraft:iron_helmet":1,"minecraft:granite":1,"minecraft:flint":2,"minecraft:diorite":11,"minecraft:mutton":1,"minecraft:wooden_axe":2,"minecraft:iron_leggings":1,"minecraft:string":2,"minecraft:dark_oak_planks":4,"minecraft:bucket":3,"minecraft:gravel":3,"minecraft:dark_oak_door":2,"minecraft:stone_sword":4,"minecraft:cobbled_deepslate":60,"minecraft:birch_sapling":1,"minecraft:raw_iron":32,"minecraft:iron_boots":1,"minecraft:white_bed":1,"minecraft:iron_chestplate":1,"minecraft:andesite":29,"minecraft:wooden_shovel":1,"minecraft:arrow":2,"minecraft:stone_pickaxe":3,"minecraft:egg":1},"minecraft:broken":{"minecraft:wooden_pickaxe":1,"minecraft:stone_pickaxe":2,"minecraft:iron_pickaxe":2},"minecraft:used":{"minecraft:stone_sword":65,"minecraft:dried_kelp":26,"minecraft:shield":31,"minecraft:iron_sword":63,"minecraft:rotten_flesh":29,"minecraft:dried_kelp_block":2,"minecraft:iron_chestplate":1,"minecraft:torch":154,"minecraft:dirt":4,"minecraft:mutton":1,"minecraft:tuff":7,"minecraft:granite":1,"minecraft:snowball":16,"minecraft:dark_oak_planks":1,"minecraft:wooden_axe":42,"minecraft:lava_bucket":10,"minecraft:grass_block":1,"minecraft:iron_helmet":1,"minecraft:iron_boots":1,"minecraft:bow":1,"minecraft:cooked_beef":4,"minecraft:cobbled_deepslate":245,"minecraft:iron_leggings":1,"minecraft:cooked_mutton":6,"minecraft:diorite":9,"minecraft:birch_planks":2,"minecraft:stone_pickaxe":437,"minecraft:wooden_pickaxe":59,"minecraft:white_wool":1,"minecraft:crafting_table":5,"minecraft:white_bed":1,"minecraft:dark_oak_door":2,"minecraft:dark_oak_log":3,"minecraft:bread":27,"minecraft:iron_pickaxe":622,"minecraft:gravel":6,"minecraft:stone_axe":13,"minecraft:diamond_sword":166,"minecraft:wooden_sword":5,"minecraft:cobblestone":267,"minecraft:cooked_porkchop":2,"minecraft:andesite":4,"minecraft:bucket":10,"minecraft:birch_log":1},"minecraft:crafted":{"minecraft:wooden_sword":1,"minecraft:oak_planks":28,"minecraft:cooked_mutton":2,"minecraft:dark_oak_door":3,"minecraft:bow":1,"minecraft:iron_boots":2,"minecraft:stone_pickaxe":4,"minecraft:dried_kelp_block":2,"minecraft:dark_oak_planks":129,"minecraft:cooked_beef":4,"minecraft:wooden_shovel":1,"minecraft:diamond_sword":1,"minecraft:crafting_table":4,"minecraft:dried_kelp":45,"minecraft:wooden_pickaxe":1,"minecraft:iron_helmet":2,"minecraft:iron_sword":1,"minecraft:bucket":3,"minecraft:birch_planks":20,"minecraft:stone_axe":1,"minecraft:iron_chestplate":2,"minecraft:stick":128,"minecraft:iron_ingot":90,"minecraft:iron_pickaxe":3,"minecraft:wooden_axe":1,"minecraft:stone_sword":2,"minecraft:iron_leggings":2,"minecraft:white_bed":1,"minecraft:torch":152},"minecraft:killed_by":{"minecraft:player":4,"minecraft:warden":2,"minecraft:skeleton":2,"minecraft:zombie":1},"minecraft:custom":{"minecraft:mob_kills":71,"minecraft:interact_with_crafting_table":33,"minecraft:leave_game":4,"minecraft:time_since_death":40110,"minecraft:sprint_one_cm":313587,"minecraft:walk_one_cm":474463,"minecraft:damage_blocked_by_shield":781,"minecraft:drop":39,"minecraft:play_time":210888,"minecraft:deaths":9,"minecraft:sneak_time":4804,"minecraft:walk_under_water_one_cm":8353,"minecraft:boat_one_cm":99503,"minecraft:jump":4375,"minecraft:walk_on_water_one_cm":26865,"minecraft:total_world_time":210888,"minecraft:interact_with_furnace":70,"minecraft:sleep_in_bed":2,"minecraft:time_since_rest":29233,"minecraft:damage_taken":4845,"minecraft:damage_dealt":10097,"minecraft:swim_one_cm":31535,"minecraft:fly_one_cm":457806,"minecraft:player_kills":2,"minecraft:open_chest":23,"minecraft:crouch_one_cm":8614,"minecraft:fall_one_cm":129863}},"DataVersion":3839}