{"stats":{"minecraft:custom":{"minecraft:interact_with_furnace":19,"minecraft:mob_kills":49,"minecraft:interact_with_crafting_table":20,"minecraft:leave_game":5,"minecraft:time_since_death":109763,"minecraft:sleep_in_bed":1,"minecraft:climb_one_cm":896,"minecraft:time_since_rest":28343,"minecraft:sprint_one_cm":333841,"minecraft:damage_taken":1901,"minecraft:walk_one_cm":453512,"minecraft:damage_blocked_by_shield":1608,"minecraft:drop":23,"minecraft:damage_dealt":6737,"minecraft:swim_one_cm":1920,"minecraft:player_kills":1,"minecraft:fly_one_cm":155857,"minecraft:crouch_one_cm":881,"minecraft:play_time":149838,"minecraft:deaths":3,"minecraft:sneak_time":334,"minecraft:walk_under_water_one_cm":8261,"minecraft:boat_one_cm":361284,"minecraft:jump":1780,"minecraft:walk_on_water_one_cm":20705,"minecraft:total_world_time":149838,"minecraft:interact_with_smoker":8,"minecraft:fall_one_cm":26058},"minecraft:killed":{"minecraft:pig":5,"minecraft:spider":3,"minecraft:skeleton":9,"minecraft:sheep":7,"minecraft:zombie":15,"minecraft:chicken":6,"minecraft:cow":1},"minecraft:picked_up":{"minecraft:birch_log":67,"minecraft:pink_petals":6,"minecraft:crafting_table":5,"minecraft:feather":3,"minecraft:chicken":4,"minecraft:andesite":20,"minecraft:leather":1,"minecraft:brown_mushroom":21,"minecraft:smoker":1,"minecraft:red_mushroom":5,"minecraft:birch_planks":4,"minecraft:flint":1,"minecraft:oak_log":2,"minecraft:lapis_lazuli":17,"minecraft:dirt":69,"minecraft:string":6,"minecraft:wooden_sword":1,"minecraft:bone":12,"minecraft:wheat_seeds":13,"minecraft:iron_ingot":16,"minecraft:beef":1,"minecraft:stone_pickaxe":2,"minecraft:rose_bush":8,"minecraft:sugar_cane":42,"minecraft:birch_sapling":4,"minecraft:furnace":2,"minecraft:egg":3,"minecraft:stick":13,"minecraft:raw_iron":91,"minecraft:birch_boat":7,"minecraft:torch":8,"minecraft:bowl":5,"minecraft:gravel":2,"minecraft:porkchop":6,"minecraft:diorite":17,"minecraft:redstone":36,"minecraft:dark_oak_log":43,"minecraft:rotten_flesh":4,"minecraft:stone_sword":1,"minecraft:arrow":12,"minecraft:stone_axe":1,"minecraft:granite":3,"minecraft:emerald":1,"minecraft:mutton":9,"minecraft:coal":49,"minecraft:white_wool":8,"minecraft:cobblestone":190,"minecraft:sunflower":3},"minecraft:broken":{"minecraft:stone_pickaxe":3,"minecraft:stone_sword":1},"minecraft:mined":{"minecraft:deepslate_redstone_ore":4,"minecraft:brown_mushroom":22,"minecraft:dark_oak_leaves":1,"minecraft:smoker":1,"minecraft:dark_oak_log":46,"minecraft:dandelion":1,"minecraft:crafting_table":5,"minecraft:torch":1,"minecraft:granite":3,"minecraft:short_grass":31,"minecraft:emerald_ore":1,"minecraft:grass_block":7,"minecraft:rose_bush":2,"minecraft:mushroom_stem":2,"minecraft:tall_grass":5,"minecraft:cobblestone":1,"minecraft:lapis_ore":3,"minecraft:sugar_cane":20,"minecraft:red_mushroom":4,"minecraft:oxeye_daisy":1,"minecraft:diorite":17,"minecraft:wall_torch":3,"minecraft:pink_petals":2,"minecraft:redstone_ore":4,"minecraft:furnace":2,"minecraft:birch_log":35,"minecraft:iron_ore":87,"minecraft:birch_leaves":2,"minecraft:andesite":9,"minecraft:orange_tulip":1,"minecraft:deepslate_iron_ore":4,"minecraft:oak_log":2,"minecraft:coal_ore":51,"minecraft:sunflower":4,"minecraft:dirt":11,"minecraft:red_mushroom_block":5,"minecraft:stone":129,"minecraft:deepslate":2,"minecraft:oak_leaves":4},"minecraft:crafted":{"minecraft:cooked_beef":1,"minecraft:oak_planks":8,"minecraft:cooked_porkchop":6,"minecraft:crafting_table":1,"minecraft:iron_helmet":1,"minecraft:wooden_pickaxe":1,"minecraft:cooked_chicken":4,"minecraft:iron_sword":1,"minecraft:furnace":2,"minecraft:mushroom_stew":5,"minecraft:birch_planks":28,"minecraft:stone_axe":1,"minecraft:cooked_mutton":9,"minecraft:iron_boots":1,"minecraft:iron_chestplate":1,"minecraft:shield":1,"minecraft:stick":28,"minecraft:iron_ingot":72,"minecraft:iron_pickaxe":1,"minecraft:stone_pickaxe":2,"minecraft:stone_sword":1,"minecraft:iron_leggings":1,"minecraft:white_bed":2,"minecraft:torch":56,"minecraft:dark_oak_planks":28,"minecraft:smoker":1},"minecraft:dropped":{"minecraft:gravel":2,"minecraft:wheat_seeds":12,"minecraft:bowl":1,"minecraft:birch_sapling":1,"minecraft:leather":1,"minecraft:granite":3,"minecraft:stick":5,"minecraft:andesite":12,"minecraft:rose_bush":7,"minecraft:sunflower":3,"minecraft:white_wool":2},"minecraft:used":{"minecraft:cooked_mutton":9,"minecraft:diorite":2,"minecraft:rose_bush":1,"minecraft:stone_sword":174,"minecraft:stone_pickaxe":288,"minecraft:wooden_pickaxe":2,"minecraft:birch_boat":6,"minecraft:shield":67,"minecraft:iron_sword":59,"minecraft:sugar_cane":16,"minecraft:cooked_chicken":4,"minecraft:torch":55,"minecraft:dirt":13,"minecraft:crafting_table":4,"minecraft:mushroom_stew":5,"minecraft:white_bed":2,"minecraft:smoker":2,"minecraft:iron_pickaxe":37,"minecraft:stone_axe":90,"minecraft:cobblestone":10,"minecraft:furnace":3,"minecraft:andesite":7},"minecraft:killed_by":{"minecraft:player":3}},"DataVersion":3839}