{"stats":{"minecraft:custom":{"minecraft:interact_with_furnace":16,"minecraft:mob_kills":40,"minecraft:interact_with_crafting_table":18,"minecraft:leave_game":4,"minecraft:time_since_death":76891,"minecraft:climb_one_cm":896,"minecraft:time_since_rest":76920,"minecraft:sprint_one_cm":295618,"minecraft:damage_taken":1705,"minecraft:walk_one_cm":328647,"minecraft:damage_blocked_by_shield":1421,"minecraft:drop":16,"minecraft:damage_dealt":4829,"minecraft:swim_one_cm":1920,"minecraft:player_kills":1,"minecraft:fly_one_cm":138436,"minecraft:crouch_one_cm":405,"minecraft:play_time":116966,"minecraft:deaths":3,"minecraft:sneak_time":224,"minecraft:walk_under_water_one_cm":7383,"minecraft:boat_one_cm":361284,"minecraft:jump":1409,"minecraft:walk_on_water_one_cm":18351,"minecraft:total_world_time":116966,"minecraft:interact_with_smoker":4,"minecraft:fall_one_cm":20459},"minecraft:killed":{"minecraft:pig":5,"minecraft:spider":1,"minecraft:skeleton":8,"minecraft:sheep":7,"minecraft:zombie":9,"minecraft:chicken":6,"minecraft:cow":1},"minecraft:picked_up":{"minecraft:birch_log":67,"minecraft:pink_petals":6,"minecraft:crafting_table":4,"minecraft:feather":3,"minecraft:chicken":4,"minecraft:andesite":12,"minecraft:leather":1,"minecraft:brown_mushroom":21,"minecraft:smoker":1,"minecraft:red_mushroom":5,"minecraft:birch_planks":4,"minecraft:oak_log":2,"minecraft:dirt":53,"minecraft:string":4,"minecraft:wooden_sword":1,"minecraft:bone":12,"minecraft:wheat_seeds":7,"minecraft:iron_ingot":16,"minecraft:stone_pickaxe":2,"minecraft:beef":1,"minecraft:rose_bush":8,"minecraft:sugar_cane":42,"minecraft:birch_sapling":4,"minecraft:egg":3,"minecraft:furnace":2,"minecraft:stick":13,"minecraft:raw_iron":46,"minecraft:birch_boat":7,"minecraft:torch":1,"minecraft:bowl":5,"minecraft:porkchop":6,"minecraft:diorite":16,"minecraft:dark_oak_log":43,"minecraft:stone_sword":1,"minecraft:arrow":11,"minecraft:stone_axe":1,"minecraft:granite":3,"minecraft:mutton":9,"minecraft:coal":49,"minecraft:white_wool":8,"minecraft:cobblestone":162,"minecraft:sunflower":3},"minecraft:broken":{"minecraft:stone_pickaxe":2,"minecraft:stone_sword":1},"minecraft:mined":{"minecraft:brown_mushroom":22,"minecraft:dark_oak_leaves":1,"minecraft:smoker":1,"minecraft:dark_oak_log":46,"minecraft:dandelion":1,"minecraft:crafting_table":4,"minecraft:granite":3,"minecraft:short_grass":31,"minecraft:grass_block":7,"minecraft:rose_bush":2,"minecraft:mushroom_stem":2,"minecraft:tall_grass":5,"minecraft:cobblestone":1,"minecraft:sugar_cane":20,"minecraft:red_mushroom":4,"minecraft:oxeye_daisy":1,"minecraft:diorite":17,"minecraft:pink_petals":2,"minecraft:furnace":2,"minecraft:birch_log":35,"minecraft:iron_ore":46,"minecraft:birch_leaves":2,"minecraft:andesite":6,"minecraft:orange_tulip":1,"minecraft:oak_log":2,"minecraft:coal_ore":50,"minecraft:sunflower":4,"minecraft:dirt":11,"minecraft:red_mushroom_block":5,"minecraft:stone":101,"minecraft:oak_leaves":4},"minecraft:crafted":{"minecraft:oak_planks":8,"minecraft:crafting_table":1,"minecraft:iron_helmet":1,"minecraft:wooden_pickaxe":1,"minecraft:cooked_chicken":4,"minecraft:iron_sword":1,"minecraft:furnace":2,"minecraft:mushroom_stew":5,"minecraft:birch_planks":28,"minecraft:stone_axe":1,"minecraft:cooked_mutton":9,"minecraft:iron_boots":1,"minecraft:iron_chestplate":1,"minecraft:shield":1,"minecraft:stick":28,"minecraft:iron_ingot":46,"minecraft:iron_pickaxe":1,"minecraft:stone_pickaxe":2,"minecraft:stone_sword":1,"minecraft:iron_leggings":1,"minecraft:white_bed":1,"minecraft:torch":36,"minecraft:dark_oak_planks":28,"minecraft:smoker":1},"minecraft:dropped":{"minecraft:bowl":1,"minecraft:birch_sapling":1,"minecraft:granite":3,"minecraft:stick":5,"minecraft:andesite":6,"minecraft:rose_bush":7},"minecraft:used":{"minecraft:cooked_mutton":8,"minecraft:diorite":2,"minecraft:rose_bush":1,"minecraft:stone_sword":174,"minecraft:stone_pickaxe":223,"minecraft:wooden_pickaxe":2,"minecraft:birch_boat":6,"minecraft:shield":62,"minecraft:iron_sword":10,"minecraft:sugar_cane":16,"minecraft:cooked_chicken":4,"minecraft:torch":15,"minecraft:dirt":11,"minecraft:crafting_table":3,"minecraft:mushroom_stew":5,"minecraft:white_bed":1,"minecraft:smoker":1,"minecraft:iron_pickaxe":7,"minecraft:stone_axe":88,"minecraft:cobblestone":10,"minecraft:furnace":2},"minecraft:killed_by":{"minecraft:player":3}},"DataVersion":3839}