{"stats":{"minecraft:mined":{"minecraft:dark_oak_log":1,"minecraft:crafting_table":2,"minecraft:torch":5,"minecraft:short_grass":7,"minecraft:grass_block":2,"minecraft:diorite":4,"minecraft:wall_torch":1,"minecraft:furnace":1,"minecraft:birch_log":6,"minecraft:birch_leaves":2,"minecraft:oak_log":8,"minecraft:dirt":8,"minecraft:sand":1,"minecraft:stone":8,"minecraft:oak_leaves":4},"minecraft:picked_up":{"minecraft:wooden_axe":1,"minecraft:birch_log":14,"minecraft:crafting_table":4,"minecraft:feather":5,"minecraft:chicken":3,"minecraft:leather":2,"minecraft:oak_log":8,"minecraft:dirt":31,"minecraft:bone":1,"minecraft:wheat_seeds":2,"minecraft:beef":6,"minecraft:iron_ingot":1,"minecraft:oak_boat":1,"minecraft:birch_sapling":3,"minecraft:furnace":2,"minecraft:torch":10,"minecraft:porkchop":1,"minecraft:sand":2,"minecraft:diorite":4,"minecraft:dark_oak_log":2,"minecraft:arrow":1,"minecraft:rotten_flesh":10,"minecraft:oak_sapling":3,"minecraft:mutton":4,"minecraft:white_wool":3,"minecraft:cobblestone":8},"minecraft:dropped":{"minecraft:rotten_flesh":5},"minecraft:killed":{"minecraft:pig":1,"minecraft:zombie_villager":1,"minecraft:sheep":3,"minecraft:skeleton":1,"minecraft:zombie":7,"minecraft:chicken":3,"minecraft:cow":2},"minecraft:broken":{"minecraft:wooden_axe":1},"minecraft:used":{"minecraft:diorite":4,"minecraft:wooden_pickaxe":18,"minecraft:torch":11,"minecraft:dirt":16,"minecraft:sand":2,"minecraft:crafting_table":4,"minecraft:white_bed":1,"minecraft:wooden_axe":71,"minecraft:chicken":3,"minecraft:birch_sapling":3,"minecraft:oak_sapling":1,"minecraft:furnace":2,"minecraft:oak_boat":3,"minecraft:cooked_beef":4},"minecraft:crafted":{"minecraft:cooked_beef":6,"minecraft:oak_planks":32,"minecraft:crafting_table":1,"minecraft:wooden_pickaxe":1,"minecraft:furnace":1,"minecraft:birch_planks":44,"minecraft:air":0,"minecraft:oak_boat":2,"minecraft:charcoal":3,"minecraft:stick":16,"minecraft:wooden_axe":2,"minecraft:white_bed":1,"minecraft:dark_oak_planks":4,"minecraft:torch":12},"minecraft:killed_by":{"minecraft:zombie":1},"minecraft:custom":{"minecraft:interact_with_furnace":17,"minecraft:mob_kills":18,"minecraft:interact_with_crafting_table":16,"minecraft:leave_game":2,"minecraft:time_since_death":18854,"minecraft:sleep_in_bed":1,"minecraft:time_since_rest":6999,"minecraft:sprint_one_cm":76362,"minecraft:damage_taken":640,"minecraft:walk_one_cm":57204,"minecraft:drop":5,"minecraft:damage_dealt":2611,"minecraft:swim_one_cm":12935,"minecraft:fly_one_cm":92865,"minecraft:crouch_one_cm":221,"minecraft:play_time":28647,"minecraft:deaths":1,"minecraft:sneak_time":125,"minecraft:walk_under_water_one_cm":1954,"minecraft:boat_one_cm":176343,"minecraft:jump":421,"minecraft:walk_on_water_one_cm":8937,"minecraft:total_world_time":28647,"minecraft:fall_one_cm":7603}},"DataVersion":3839}