{"stats":{"minecraft:custom":{"minecraft:time_since_rest":1188,"minecraft:interact_with_furnace":5,"minecraft:sprint_one_cm":68439,"minecraft:damage_taken":455,"minecraft:walk_one_cm":37213,"minecraft:mob_kills":12,"minecraft:drop":5,"minecraft:damage_dealt":1413,"minecraft:swim_one_cm":12935,"minecraft:interact_with_crafting_table":9,"minecraft:fly_one_cm":80343,"minecraft:crouch_one_cm":221,"minecraft:play_time":22836,"minecraft:deaths":1,"minecraft:sneak_time":117,"minecraft:walk_under_water_one_cm":1954,"minecraft:boat_one_cm":176343,"minecraft:jump":344,"minecraft:leave_game":2,"minecraft:time_since_death":13043,"minecraft:walk_on_water_one_cm":8937,"minecraft:sleep_in_bed":1,"minecraft:total_world_time":22836,"minecraft:fall_one_cm":6709},"minecraft:killed":{"minecraft:sheep":3,"minecraft:zombie":2,"minecraft:pig":1,"minecraft:chicken":3,"minecraft:zombie_villager":1,"minecraft:cow":2},"minecraft:picked_up":{"minecraft:wooden_axe":1,"minecraft:birch_log":14,"minecraft:crafting_table":4,"minecraft:feather":5,"minecraft:chicken":3,"minecraft:leather":2,"minecraft:torch":9,"minecraft:porkchop":1,"minecraft:sand":2,"minecraft:oak_log":2,"minecraft:diorite":4,"minecraft:dark_oak_log":2,"minecraft:dirt":27,"minecraft:rotten_flesh":5,"minecraft:wheat_seeds":2,"minecraft:beef":6,"minecraft:oak_boat":1,"minecraft:birch_sapling":3,"minecraft:mutton":4,"minecraft:white_wool":3,"minecraft:cobblestone":8,"minecraft:furnace":2},"minecraft:broken":{"minecraft:wooden_axe":1},"minecraft:mined":{"minecraft:furnace":1,"minecraft:birch_log":6,"minecraft:dark_oak_log":1,"minecraft:birch_leaves":2,"minecraft:crafting_table":2,"minecraft:torch":4,"minecraft:short_grass":6,"minecraft:oak_log":2,"minecraft:sand":1,"minecraft:dirt":5,"minecraft:stone":8,"minecraft:diorite":4,"minecraft:wall_torch":1},"minecraft:crafted":{"minecraft:oak_boat":1,"minecraft:oak_planks":8,"minecraft:charcoal":3,"minecraft:crafting_table":1,"minecraft:stick":8,"minecraft:wooden_pickaxe":1,"minecraft:wooden_axe":1,"minecraft:furnace":1,"minecraft:white_bed":1,"minecraft:dark_oak_planks":4,"minecraft:torch":12,"minecraft:birch_planks":44,"minecraft:air":0},"minecraft:dropped":{"minecraft:rotten_flesh":5},"minecraft:used":{"minecraft:wooden_axe":42,"minecraft:diorite":4,"minecraft:chicken":3,"minecraft:birch_sapling":3,"minecraft:wooden_pickaxe":18,"minecraft:torch":11,"minecraft:dirt":16,"minecraft:sand":2,"minecraft:crafting_table":4,"minecraft:furnace":1,"minecraft:white_bed":1,"minecraft:oak_boat":2},"minecraft:killed_by":{"minecraft:zombie":1}},"DataVersion":3839}