{"stats":{"minecraft:custom":{"minecraft:time_since_rest":33619,"minecraft:interact_with_furnace":10,"minecraft:sprint_one_cm":69726,"minecraft:damage_taken":609,"minecraft:walk_one_cm":32559,"minecraft:mob_kills":9,"minecraft:damage_dealt":572,"minecraft:interact_with_crafting_table":7,"minecraft:swim_one_cm":25309,"minecraft:fly_one_cm":93697,"minecraft:crouch_one_cm":1642,"minecraft:play_time":35437,"minecraft:deaths":1,"minecraft:sneak_time":551,"minecraft:walk_under_water_one_cm":8299,"minecraft:jump":568,"minecraft:leave_game":2,"minecraft:time_since_death":33572,"minecraft:walk_on_water_one_cm":11332,"minecraft:climb_one_cm":1436,"minecraft:total_world_time":35437,"minecraft:fall_one_cm":16065},"minecraft:killed":{"minecraft:skeleton":1,"minecraft:chicken":1,"minecraft:salmon":7},"minecraft:picked_up":{"minecraft:raw_iron":8,"minecraft:birch_log":19,"minecraft:crafting_table":2,"minecraft:stick":1,"minecraft:chicken":1,"minecraft:andesite":1,"minecraft:salmon":6,"minecraft:oak_log":9,"minecraft:dark_oak_log":6,"minecraft:dirt":1,"minecraft:bone":2,"minecraft:arrow":1,"minecraft:iron_ingot":3,"minecraft:oak_sapling":1,"minecraft:birch_sapling":3,"minecraft:coal":35,"minecraft:cobblestone":43,"minecraft:furnace":3},"minecraft:mined":{"minecraft:seagrass":1,"minecraft:furnace":3,"minecraft:iron_ore":8,"minecraft:birch_log":14,"minecraft:dark_oak_log":6,"minecraft:andesite":1,"minecraft:birch_leaves":24,"minecraft:crafting_table":2,"minecraft:short_grass":2,"minecraft:coal_ore":18,"minecraft:oak_log":9,"minecraft:dirt":1,"minecraft:stone":43,"minecraft:oak_leaves":6},"minecraft:crafted":{"minecraft:wooden_sword":1,"minecraft:oak_planks":12,"minecraft:crafting_table":1,"minecraft:stick":8,"minecraft:iron_ingot":5,"minecraft:stone_pickaxe":1,"minecraft:wooden_pickaxe":2,"minecraft:wooden_axe":1,"minecraft:furnace":1,"minecraft:cooked_salmon":6,"minecraft:birch_planks":16,"minecraft:air":0},"minecraft:used":{"minecraft:wooden_axe":24,"minecraft:chicken":1,"minecraft:stone_pickaxe":50,"minecraft:birch_sapling":1,"minecraft:wooden_pickaxe":24,"minecraft:cooked_salmon":6,"minecraft:wooden_sword":36,"minecraft:dirt":1,"minecraft:cobblestone":19,"minecraft:crafting_table":2,"minecraft:furnace":3}},"DataVersion":3839}