{"stats":{"minecraft:mined":{"minecraft:kelp_plant":4,"minecraft:cherry_log":9,"minecraft:dark_oak_log":2,"minecraft:oak_fence":4,"minecraft:crafting_table":2,"minecraft:cave_vines_plant":1,"minecraft:short_grass":7,"minecraft:chest":2,"minecraft:cobblestone":11,"minecraft:moss_block":3,"minecraft:sugar_cane":2,"minecraft:kelp":7,"minecraft:wall_torch":2,"minecraft:pink_petals":1,"minecraft:furnace":3,"minecraft:birch_log":7,"minecraft:cobbled_deepslate":18,"minecraft:birch_leaves":6,"minecraft:andesite":12,"minecraft:bell":1,"minecraft:oak_log":6,"minecraft:coal_ore":3,"minecraft:cave_vines":3,"minecraft:deepslate_iron_ore":2,"minecraft:gravel":6,"minecraft:stone":2,"minecraft:oak_leaves":2,"minecraft:deepslate":115},"minecraft:picked_up":{"minecraft:wooden_axe":1,"minecraft:birch_log":7,"minecraft:crafting_table":2,"minecraft:feather":2,"minecraft:lilac":5,"minecraft:clay_ball":64,"minecraft:andesite":60,"minecraft:birch_planks":1,"minecraft:flint":2,"minecraft:oak_log":6,"minecraft:dirt":13,"minecraft:string":3,"minecraft:pufferfish":2,"minecraft:bone":6,"minecraft:apple":1,"minecraft:kelp":51,"minecraft:wheat_seeds":1,"minecraft:cobbled_deepslate":150,"minecraft:bell":1,"minecraft:oak_boat":1,"minecraft:moss_block":3,"minecraft:sugar_cane":5,"minecraft:chest":2,"minecraft:birch_sapling":1,"minecraft:furnace":3,"minecraft:stick":1,"minecraft:raw_iron":1,"minecraft:sandstone":64,"minecraft:birch_boat":3,"minecraft:oak_fence":4,"minecraft:torch":2,"minecraft:sand":4,"minecraft:cherry_log":9,"minecraft:diorite":16,"minecraft:dark_oak_log":2,"minecraft:arrow":7,"minecraft:granite":10,"minecraft:oak_sapling":4,"minecraft:glow_berries":2,"minecraft:coal":3,"minecraft:white_wool":1,"minecraft:cobblestone":63},"minecraft:killed":{"minecraft:spider":1,"minecraft:bat":1,"minecraft:skeleton":2,"minecraft:zombie":3,"minecraft:chicken":1},"minecraft:dropped":{"minecraft:birch_planks":1,"minecraft:wheat_seeds":1,"minecraft:iron_nugget":1,"minecraft:lilac":5,"minecraft:cobbled_deepslate":27,"minecraft:birch_sapling":1,"minecraft:feather":2,"minecraft:cobblestone":11,"minecraft:clay_ball":64,"minecraft:granite":10,"minecraft:flint":1,"minecraft:pufferfish":2,"minecraft:dirt":13,"minecraft:diorite":16,"minecraft:wooden_axe":1,"minecraft:andesite":49,"minecraft:cooked_cod":1,"minecraft:oak_sapling":2,"minecraft:sandstone":30,"minecraft:sand":4},"minecraft:broken":{"minecraft:stone_pickaxe":1},"minecraft:used":{"minecraft:moss_block":3,"minecraft:stone_sword":24,"minecraft:stone_pickaxe":130,"minecraft:dried_kelp":66,"minecraft:shield":5,"minecraft:wooden_pickaxe":41,"minecraft:chest":1,"minecraft:birch_boat":2,"minecraft:sandstone":34,"minecraft:torch":6,"minecraft:glow_berries":1,"minecraft:crafting_table":3,"minecraft:wooden_axe":34,"minecraft:apple":1,"minecraft:fishing_rod":4,"minecraft:wooden_sword":6,"minecraft:cobblestone":132,"minecraft:furnace":1,"minecraft:cooked_cod":2,"minecraft:andesite":8,"minecraft:oak_boat":1,"minecraft:cobbled_deepslate":60},"minecraft:crafted":{"minecraft:wooden_sword":1,"minecraft:cooked_cod":3,"minecraft:oak_planks":24,"minecraft:fishing_rod":1,"minecraft:crafting_table":2,"minecraft:dried_kelp":84,"minecraft:wooden_pickaxe":1,"minecraft:birch_planks":28,"minecraft:shield":1,"minecraft:stick":12,"minecraft:iron_ingot":2,"minecraft:stone_pickaxe":1,"minecraft:wooden_axe":1,"minecraft:stone_sword":1,"minecraft:chest":1,"minecraft:torch":4,"minecraft:dark_oak_planks":8},"minecraft:killed_by":{"minecraft:zombie":1},"minecraft:custom":{"minecraft:interact_with_furnace":31,"minecraft:mob_kills":12,"minecraft:interact_with_crafting_table":17,"minecraft:leave_game":1,"minecraft:time_since_death":79436,"minecraft:climb_one_cm":956,"minecraft:sleep_in_bed":6,"minecraft:time_since_rest":21,"minecraft:sprint_one_cm":62856,"minecraft:damage_taken":1035,"minecraft:walk_one_cm":247584,"minecraft:damage_blocked_by_shield":50,"minecraft:drop":25,"minecraft:damage_dealt":1591,"minecraft:swim_one_cm":14026,"minecraft:talked_to_villager":18,"minecraft:fly_one_cm":96746,"minecraft:open_chest":15,"minecraft:crouch_one_cm":3883,"minecraft:play_time":81273,"minecraft:deaths":1,"minecraft:sneak_time":1368,"minecraft:walk_under_water_one_cm":27813,"minecraft:boat_one_cm":228876,"minecraft:jump":1128,"minecraft:walk_on_water_one_cm":28408,"minecraft:total_world_time":81273,"minecraft:fish_caught":1,"minecraft:fall_one_cm":16734}},"DataVersion":3839}