{"stats":{"minecraft:mined":{"minecraft:deepslate_redstone_ore":16,"minecraft:tuff":1,"minecraft:deepslate_diamond_ore":11,"minecraft:dark_oak_log":8,"minecraft:cave_vines_plant":1,"minecraft:clay":1,"minecraft:crafting_table":6,"minecraft:torch":6,"minecraft:glow_lichen":1,"minecraft:granite":4,"minecraft:short_grass":3,"minecraft:grass_block":1,"minecraft:mushroom_stem":3,"minecraft:tall_grass":1,"minecraft:cobblestone":7,"minecraft:deepslate_gold_ore":46,"minecraft:diorite":4,"minecraft:wall_torch":20,"minecraft:spawner":1,"minecraft:furnace":6,"minecraft:birch_log":37,"minecraft:iron_ore":87,"minecraft:andesite":1,"minecraft:birch_leaves":11,"minecraft:deepslate_lapis_ore":5,"minecraft:coal_ore":134,"minecraft:cave_vines":1,"minecraft:deepslate_iron_ore":27,"minecraft:stone":73,"minecraft:oak_leaves":1,"minecraft:deepslate":33},"minecraft:picked_up":{"minecraft:birch_log":37,"minecraft:crafting_table":7,"minecraft:feather":4,"minecraft:chicken":4,"minecraft:clay_ball":4,"minecraft:andesite":1,"minecraft:salmon":3,"minecraft:tuff":6,"minecraft:dirt":1,"minecraft:lapis_lazuli":36,"minecraft:string":7,"minecraft:bone":12,"minecraft:bow":2,"minecraft:cobbled_deepslate":32,"minecraft:raw_gold":46,"minecraft:furnace":6,"minecraft:egg":4,"minecraft:stick":3,"minecraft:raw_iron":114,"minecraft:sandstone":1,"minecraft:torch":29,"minecraft:gravel":2,"minecraft:porkchop":24,"minecraft:diorite":4,"minecraft:redstone":70,"minecraft:dark_oak_log":7,"minecraft:spider_eye":2,"minecraft:arrow":18,"minecraft:rotten_flesh":31,"minecraft:diamond":11,"minecraft:granite":4,"minecraft:coal":137,"minecraft:cobblestone":84},"minecraft:killed":{"minecraft:pig":13,"minecraft:zombie_villager":1,"minecraft:salmon":3,"minecraft:spider":6,"minecraft:creeper":1,"minecraft:skeleton":17,"minecraft:zombie":23,"minecraft:chicken":4},"minecraft:dropped":{"minecraft:gravel":2,"minecraft:crafting_table":1,"minecraft:tuff":6,"minecraft:rotten_flesh":21,"minecraft:granite":4,"minecraft:egg":2},"minecraft:broken":{"minecraft:stone_pickaxe":2,"minecraft:stone_sword":1},"minecraft:used":{"minecraft:water_bucket":6,"minecraft:stone_sword":144,"minecraft:birch_planks":9,"minecraft:stone_pickaxe":262,"minecraft:shield":81,"minecraft:iron_sword":144,"minecraft:cooked_chicken":4,"minecraft:torch":215,"minecraft:dirt":1,"minecraft:crafting_table":8,"minecraft:bread":3,"minecraft:iron_pickaxe":200,"minecraft:stone_axe":47,"minecraft:cobblestone":35,"minecraft:furnace":6,"minecraft:cooked_porkchop":15,"minecraft:bucket":7,"minecraft:andesite":1,"minecraft:cobbled_deepslate":31},"minecraft:crafted":{"minecraft:brick":4,"minecraft:cooked_porkchop":24,"minecraft:crafting_table":2,"minecraft:iron_helmet":1,"minecraft:cooked_chicken":4,"minecraft:iron_sword":1,"minecraft:furnace":1,"minecraft:cooked_salmon":3,"minecraft:bucket":1,"minecraft:birch_planks":64,"minecraft:stone_axe":1,"minecraft:bread":1,"minecraft:air":0,"minecraft:iron_boots":1,"minecraft:iron_chestplate":1,"minecraft:shield":1,"minecraft:stick":76,"minecraft:iron_ingot":114,"minecraft:iron_pickaxe":1,"minecraft:stone_pickaxe":2,"minecraft:stone_sword":1,"minecraft:iron_leggings":1,"minecraft:torch":192,"minecraft:dark_oak_planks":28},"minecraft:custom":{"minecraft:interact_with_furnace":77,"minecraft:mob_kills":68,"minecraft:interact_with_crafting_table":20,"minecraft:leave_game":8,"minecraft:time_since_death":115758,"minecraft:climb_one_cm":234,"minecraft:time_since_rest":115758,"minecraft:sprint_one_cm":286563,"minecraft:damage_taken":1484,"minecraft:walk_one_cm":471625,"minecraft:damage_blocked_by_shield":2039,"minecraft:drop":20,"minecraft:damage_dealt":10850,"minecraft:swim_one_cm":14585,"minecraft:fly_one_cm":175333,"minecraft:open_chest":11,"minecraft:crouch_one_cm":9626,"minecraft:play_time":115758,"minecraft:sneak_time":3943,"minecraft:walk_under_water_one_cm":19016,"minecraft:jump":1557,"minecraft:walk_on_water_one_cm":22776,"minecraft:total_world_time":115758,"minecraft:fall_one_cm":33747}},"DataVersion":3839}