{"stats":{"minecraft:custom":{"minecraft:time_since_rest":28361,"minecraft:interact_with_furnace":27,"minecraft:sprint_one_cm":69541,"minecraft:damage_taken":145,"minecraft:walk_one_cm":106539,"minecraft:mob_kills":9,"minecraft:damage_dealt":574,"minecraft:swim_one_cm":11934,"minecraft:interact_with_crafting_table":11,"minecraft:fly_one_cm":46902,"minecraft:open_chest":4,"minecraft:crouch_one_cm":1066,"minecraft:play_time":28361,"minecraft:sneak_time":434,"minecraft:walk_under_water_one_cm":8122,"minecraft:jump":339,"minecraft:leave_game":6,"minecraft:time_since_death":28361,"minecraft:walk_on_water_one_cm":7000,"minecraft:total_world_time":28361,"minecraft:fall_one_cm":7359},"minecraft:killed":{"minecraft:pig":2,"minecraft:chicken":3,"minecraft:salmon":3,"minecraft:spider":1},"minecraft:picked_up":{"minecraft:birch_log":37,"minecraft:crafting_table":2,"minecraft:stick":3,"minecraft:raw_iron":2,"minecraft:feather":3,"minecraft:chicken":3,"minecraft:salmon":3,"minecraft:torch":9,"minecraft:porkchop":4,"minecraft:spider_eye":1,"minecraft:dark_oak_log":7,"minecraft:string":1,"minecraft:granite":1,"minecraft:coal":16,"minecraft:cobblestone":24,"minecraft:furnace":2,"minecraft:egg":2},"minecraft:mined":{"minecraft:furnace":2,"minecraft:birch_log":37,"minecraft:iron_ore":2,"minecraft:dark_oak_log":8,"minecraft:birch_leaves":11,"minecraft:granite":1,"minecraft:crafting_table":2,"minecraft:torch":5,"minecraft:coal_ore":17,"minecraft:cobblestone":2,"minecraft:stone":22,"minecraft:wall_torch":4},"minecraft:crafted":{"minecraft:cooked_porkchop":4,"minecraft:shield":1,"minecraft:crafting_table":2,"minecraft:stick":4,"minecraft:cooked_chicken":3,"minecraft:iron_ingot":2,"minecraft:stone_pickaxe":1,"minecraft:stone_sword":1,"minecraft:furnace":1,"minecraft:cooked_salmon":3,"minecraft:dark_oak_planks":28,"minecraft:birch_planks":20,"minecraft:stone_axe":1,"minecraft:air":0},"minecraft:used":{"minecraft:stone_sword":20,"minecraft:stone_pickaxe":46,"minecraft:cooked_chicken":1,"minecraft:stone_axe":43,"minecraft:torch":9,"minecraft:cobblestone":1,"minecraft:crafting_table":3,"minecraft:furnace":2,"minecraft:cooked_porkchop":2}},"DataVersion":3839}