{"stats":{"minecraft:custom":{"minecraft:mob_kills":55,"minecraft:interact_with_crafting_table":39,"minecraft:leave_game":6,"minecraft:time_since_death":82959,"minecraft:climb_one_cm":410,"minecraft:sprint_one_cm":451256,"minecraft:walk_one_cm":264277,"minecraft:drop":30,"minecraft:play_time":136527,"minecraft:deaths":3,"minecraft:sneak_time":2014,"minecraft:walk_under_water_one_cm":3863,"minecraft:boat_one_cm":282393,"minecraft:jump":1342,"minecraft:walk_on_water_one_cm":18312,"minecraft:total_world_time":136527,"minecraft:interact_with_furnace":57,"minecraft:sleep_in_bed":1,"minecraft:time_since_rest":55708,"minecraft:damage_taken":2000,"minecraft:damage_dealt":7443,"minecraft:swim_one_cm":36466,"minecraft:fly_one_cm":158727,"minecraft:player_kills":1,"minecraft:open_chest":8,"minecraft:crouch_one_cm":5521,"minecraft:fall_one_cm":16715},"minecraft:killed":{"minecraft:cave_spider":7,"minecraft:spider":2,"minecraft:skeleton":5,"minecraft:chicken":5,"minecraft:turtle":1,"minecraft:pig":7,"minecraft:sheep":6,"minecraft:zombie":15,"minecraft:cow":7},"minecraft:picked_up":{"minecraft:wooden_axe":2,"minecraft:crafting_table":8,"minecraft:wheat":1,"minecraft:chicken":10,"minecraft:clay_ball":51,"minecraft:brown_mushroom":13,"minecraft:string":62,"minecraft:raw_copper":3,"minecraft:wooden_sword":2,"minecraft:cobbled_deepslate":224,"minecraft:bucket":2,"minecraft:beef":15,"minecraft:rose_bush":3,"minecraft:iron_pickaxe":1,"minecraft:birch_sapling":9,"minecraft:furnace":5,"minecraft:stick":13,"minecraft:raw_iron":53,"minecraft:big_dripleaf":1,"minecraft:torch":2,"minecraft:porkchop":14,"minecraft:diorite":90,"minecraft:stone_sword":1,"minecraft:arrow":9,"minecraft:rotten_flesh":28,"minecraft:glow_berries":6,"minecraft:mutton":7,"minecraft:white_wool":13,"minecraft:cobblestone":574,"minecraft:birch_log":100,"minecraft:feather":13,"minecraft:andesite":42,"minecraft:leather":12,"minecraft:red_mushroom":5,"minecraft:birch_planks":68,"minecraft:tuff":17,"minecraft:lapis_lazuli":66,"minecraft:wooden_hoe":1,"minecraft:dirt":23,"minecraft:bone":6,"minecraft:bow":1,"minecraft:wheat_seeds":3,"minecraft:spore_blossom":3,"minecraft:stone_pickaxe":1,"minecraft:iron_ingot":15,"minecraft:moss_block":1,"minecraft:oak_planks":1,"minecraft:birch_boat":3,"minecraft:dandelion":1,"minecraft:gravel":1,"minecraft:dark_oak_log":16,"minecraft:diamond":19,"minecraft:stone_axe":1,"minecraft:granite":46,"minecraft:rooted_dirt":2,"minecraft:black_wool":3,"minecraft:coal":70},"minecraft:broken":{"minecraft:stone_pickaxe":1,"minecraft:stone_axe":1,"minecraft:iron_pickaxe":2},"minecraft:mined":{"minecraft:tuff":29,"minecraft:deepslate_diamond_ore":19,"minecraft:dark_oak_log":10,"minecraft:glow_lichen":2,"minecraft:cave_vines_plant":1,"minecraft:granite":35,"minecraft:grass_block":2,"minecraft:moss_block":1,"minecraft:rooted_dirt":2,"minecraft:spawner":7,"minecraft:spore_blossom":2,"minecraft:furnace":5,"minecraft:iron_ore":32,"minecraft:cobbled_deepslate":13,"minecraft:fire":2,"minecraft:andesite":26,"minecraft:deepslate_lapis_ore":3,"minecraft:cave_vines":3,"minecraft:deepslate_iron_ore":21,"minecraft:rail":1,"minecraft:stone":555,"minecraft:brown_mushroom":6,"minecraft:oak_fence":1,"minecraft:clay":8,"minecraft:crafting_table":7,"minecraft:torch":1,"minecraft:short_grass":6,"minecraft:copper_ore":1,"minecraft:lapis_ore":6,"minecraft:oak_planks":1,"minecraft:diorite":95,"minecraft:wall_torch":1,"minecraft:big_dripleaf":1,"minecraft:birch_planks":1,"minecraft:birch_log":35,"minecraft:birch_leaves":1,"minecraft:coal_ore":58,"minecraft:gravel":1,"minecraft:dirt":11,"minecraft:cobweb":174,"minecraft:red_mushroom_block":9,"minecraft:deepslate":236},"minecraft:crafted":{"minecraft:wooden_sword":1,"minecraft:furnace":3,"minecraft:diamond_helmet":1,"minecraft:iron_boots":1,"minecraft:stone_pickaxe":2,"minecraft:diamond_boots":1,"minecraft:dark_oak_planks":24,"minecraft:cooked_beef":16,"minecraft:diamond_sword":1,"minecraft:crafting_table":9,"minecraft:wooden_pickaxe":1,"minecraft:iron_sword":1,"minecraft:copper_ingot":2,"minecraft:birch_planks":108,"minecraft:air":0,"minecraft:iron_chestplate":2,"minecraft:diamond_pickaxe":1,"minecraft:stick":40,"minecraft:iron_pickaxe":3,"minecraft:iron_ingot":30,"minecraft:wooden_axe":1,"minecraft:stone_sword":2,"minecraft:iron_leggings":2,"minecraft:white_bed":2,"minecraft:torch":60},"minecraft:dropped":{"minecraft:brown_mushroom":12,"minecraft:wheat_seeds":3,"minecraft:spore_blossom":1,"minecraft:cobblestone":16,"minecraft:leather":6,"minecraft:stick":10,"minecraft:rose_bush":3,"minecraft:clay_ball":16,"minecraft:stone_pickaxe":1,"minecraft:black_wool":1},"minecraft:used":{"minecraft:stone_sword":115,"minecraft:rotten_flesh":9,"minecraft:iron_chestplate":2,"minecraft:torch":66,"minecraft:mutton":7,"minecraft:diamond_helmet":1,"minecraft:wooden_axe":37,"minecraft:rooted_dirt":2,"minecraft:iron_boots":1,"minecraft:bow":3,"minecraft:furnace":7,"minecraft:cooked_beef":13,"minecraft:cobbled_deepslate":131,"minecraft:iron_leggings":2,"minecraft:diorite":8,"minecraft:birch_planks":60,"minecraft:stone_pickaxe":366,"minecraft:birch_boat":2,"minecraft:wooden_pickaxe":8,"minecraft:brown_mushroom":1,"minecraft:glow_berries":6,"minecraft:crafting_table":16,"minecraft:red_mushroom":4,"minecraft:white_bed":1,"minecraft:black_wool":1,"minecraft:chicken":6,"minecraft:bread":1,"minecraft:iron_pickaxe":792,"minecraft:spore_blossom":2,"minecraft:gravel":1,"minecraft:stone_axe":47,"minecraft:diamond_sword":197,"minecraft:wooden_sword":24,"minecraft:cobblestone":64,"minecraft:porkchop":6,"minecraft:andesite":6,"minecraft:birch_log":12},"minecraft:killed_by":{"minecraft:player":1,"minecraft:creeper":1}},"DataVersion":3839}