{"stats":{"minecraft:custom":{"minecraft:time_since_rest":6405,"minecraft:crouch_one_cm":188,"minecraft:play_time":6405,"minecraft:sprint_one_cm":28879,"minecraft:damage_taken":60,"minecraft:walk_one_cm":7573,"minecraft:sneak_time":261,"minecraft:walk_under_water_one_cm":407,"minecraft:boat_one_cm":5134,"minecraft:drop":1,"minecraft:jump":214,"minecraft:leave_game":1,"minecraft:time_since_death":6405,"minecraft:walk_on_water_one_cm":1348,"minecraft:total_world_time":6405,"minecraft:swim_one_cm":3663,"minecraft:fall_one_cm":6053,"minecraft:fly_one_cm":44933},"minecraft:picked_up":{"minecraft:filled_map":1,"minecraft:sand":5,"minecraft:oak_log":3},"minecraft:mined":{"minecraft:oak_log":3,"minecraft:sand":5,"minecraft:birch_leaves":1,"minecraft:oak_leaves":3},"minecraft:crafted":{"minecraft:oak_planks":12,"minecraft:crafting_table":1,"minecraft:stick":8},"minecraft:dropped":{"minecraft:filled_map":1},"minecraft:used":{"minecraft:sand":5}},"DataVersion":3839}