{"stats":{"minecraft:custom":{"minecraft:jump":44,"minecraft:time_since_rest":1409,"minecraft:damage_dealt":100,"minecraft:sprint_one_cm":3271,"minecraft:leave_game":1,"minecraft:play_time":1409,"minecraft:time_since_death":1409,"minecraft:walk_one_cm":3914,"minecraft:total_world_time":1409,"minecraft:mob_kills":1,"minecraft:fall_one_cm":209,"minecraft:fly_one_cm":4180},"minecraft:killed":{"minecraft:cow":1},"minecraft:picked_up":{"minecraft:hay_block":3,"minecraft:poppy":1,"minecraft:dirt":1,"minecraft:beef":2},"minecraft:mined":{"minecraft:hay_block":3,"minecraft:short_grass":4,"minecraft:grass_block":1,"minecraft:poppy":2,"minecraft:tall_grass":2},"minecraft:used":{"minecraft:dirt":1}},"DataVersion":3839}