{"stats":{"minecraft:custom":{"minecraft:time_since_rest":385,"minecraft:deaths":1,"minecraft:sprint_one_cm":3466,"minecraft:play_time":2544,"minecraft:damage_taken":260,"minecraft:walk_one_cm":10991,"minecraft:mob_kills":2,"minecraft:drop":1,"minecraft:jump":67,"minecraft:damage_dealt":308,"minecraft:leave_game":2,"minecraft:time_since_death":263,"minecraft:total_world_time":2544,"minecraft:fall_one_cm":752,"minecraft:fly_one_cm":5972},"minecraft:mined":{"minecraft:hay_block":3,"minecraft:short_grass":9,"minecraft:grass_block":1,"minecraft:poppy":2,"minecraft:tall_grass":9},"minecraft:picked_up":{"minecraft:rotten_flesh":1,"minecraft:wheat_seeds":8,"minecraft:hay_block":3,"minecraft:beef":2,"minecraft:poppy":1,"minecraft:dirt":1},"minecraft:used":{"minecraft:dirt":1,"minecraft:beef":1},"minecraft:killed":{"minecraft:zombie":1,"minecraft:cow":1},"minecraft:killed_by":{"minecraft:zombie":1},"minecraft:dropped":{"minecraft:wheat_seeds":3}},"DataVersion":3839}