{"stats":{"minecraft:custom":{"minecraft:interact_with_furnace":9,"minecraft:mob_kills":5,"minecraft:interact_with_crafting_table":20,"minecraft:leave_game":4,"minecraft:time_since_death":53089,"minecraft:time_since_rest":53089,"minecraft:sprint_one_cm":57292,"minecraft:damage_taken":259,"minecraft:walk_one_cm":161405,"minecraft:damage_blocked_by_shield":90,"minecraft:drop":2,"minecraft:damage_dealt":487,"minecraft:swim_one_cm":8485,"minecraft:fly_one_cm":55823,"minecraft:open_chest":7,"minecraft:crouch_one_cm":2142,"minecraft:play_time":53089,"minecraft:sneak_time":603,"minecraft:walk_under_water_one_cm":3626,"minecraft:jump":473,"minecraft:walk_on_water_one_cm":6879,"minecraft:total_world_time":53089,"minecraft:fall_one_cm":4087},"minecraft:killed":{"minecraft:pig":1,"minecraft:sheep":2,"minecraft:skeleton":1},"minecraft:picked_up":{"minecraft:crafting_table":3,"minecraft:andesite":2,"minecraft:tuff":4,"minecraft:oak_log":37,"minecraft:lapis_lazuli":43,"minecraft:dirt":50,"minecraft:apple":2,"minecraft:cobbled_deepslate":253,"minecraft:raw_gold":14,"minecraft:light_gray_wool":1,"minecraft:sugar_cane":12,"minecraft:chest":1,"minecraft:birch_sapling":3,"minecraft:furnace":1,"minecraft:raw_iron":9,"minecraft:stick":9,"minecraft:torch":4,"minecraft:porkchop":2,"minecraft:diorite":50,"minecraft:arrow":2,"minecraft:granite":23,"minecraft:oak_sapling":7,"minecraft:mutton":3,"minecraft:coal":34,"minecraft:white_wool":1,"minecraft:cobblestone":280},"minecraft:broken":{"minecraft:stone_pickaxe":4},"minecraft:mined":{"minecraft:tuff":4,"minecraft:crafting_table":3,"minecraft:granite":23,"minecraft:grass_block":10,"minecraft:chest":1,"minecraft:lapis_ore":1,"minecraft:deepslate_gold_ore":14,"minecraft:sugar_cane":6,"minecraft:diorite":50,"minecraft:wall_torch":4,"minecraft:furnace":1,"minecraft:andesite":2,"minecraft:birch_leaves":1,"minecraft:deepslate_lapis_ore":5,"minecraft:oak_log":37,"minecraft:coal_ore":34,"minecraft:deepslate_iron_ore":9,"minecraft:dirt":41,"minecraft:stone":281,"minecraft:oak_leaves":13,"minecraft:deepslate":253},"minecraft:crafted":{"minecraft:wooden_sword":1,"minecraft:oak_planks":88,"minecraft:stone_shovel":1,"minecraft:cooked_porkchop":2,"minecraft:crafting_table":2,"minecraft:wooden_pickaxe":1,"minecraft:furnace":1,"minecraft:stone_axe":1,"minecraft:cooked_mutton":3,"minecraft:air":0,"minecraft:charcoal":2,"minecraft:shield":1,"minecraft:stick":72,"minecraft:iron_ingot":4,"minecraft:iron_pickaxe":1,"minecraft:stone_pickaxe":7,"minecraft:stone_sword":1,"minecraft:chest":1,"minecraft:torch":136},"minecraft:dropped":{"minecraft:oak_sapling":2},"minecraft:used":{"minecraft:stone_sword":21,"minecraft:stone_pickaxe":631,"minecraft:stone_shovel":22,"minecraft:wooden_pickaxe":21,"minecraft:chest":2,"minecraft:shield":3,"minecraft:torch":40,"minecraft:dirt":22,"minecraft:crafting_table":5,"minecraft:granite":6,"minecraft:apple":2,"minecraft:birch_sapling":3,"minecraft:iron_pickaxe":32,"minecraft:stone_axe":46,"minecraft:cobblestone":10,"minecraft:furnace":2,"minecraft:oak_sapling":1,"minecraft:cooked_porkchop":2}},"DataVersion":3839}