{"stats":{"minecraft:custom":{"minecraft:interact_with_furnace":50,"minecraft:mob_kills":49,"minecraft:interact_with_crafting_table":21,"minecraft:leave_game":3,"minecraft:time_since_death":59830,"minecraft:climb_one_cm":823,"minecraft:time_since_rest":59867,"minecraft:sprint_one_cm":177344,"minecraft:damage_taken":804,"minecraft:walk_one_cm":143430,"minecraft:drop":3,"minecraft:damage_dealt":4442,"minecraft:player_kills":2,"minecraft:swim_one_cm":16090,"minecraft:fly_one_cm":114983,"minecraft:open_chest":2,"minecraft:crouch_one_cm":669,"minecraft:play_time":68334,"minecraft:deaths":2,"minecraft:sneak_time":405,"minecraft:walk_under_water_one_cm":12206,"minecraft:boat_one_cm":302283,"minecraft:jump":758,"minecraft:walk_on_water_one_cm":11348,"minecraft:total_world_time":68334,"minecraft:fall_one_cm":13591},"minecraft:killed":{"minecraft:pig":1,"minecraft:salmon":15,"minecraft:spider":1,"minecraft:skeleton":1,"minecraft:sheep":5,"minecraft:zombie":9,"minecraft:chicken":8,"minecraft:cow":9},"minecraft:picked_up":{"minecraft:birch_log":67,"minecraft:charcoal":11,"minecraft:feather":8,"minecraft:cooked_beef":1,"minecraft:chicken":8,"minecraft:andesite":4,"minecraft:salmon":12,"minecraft:leather":6,"minecraft:brown_mushroom":15,"minecraft:wooden_pickaxe":1,"minecraft:potato":1,"minecraft:birch_planks":14,"minecraft:dirt":55,"minecraft:string":2,"minecraft:wooden_sword":1,"minecraft:bone":4,"minecraft:birch_fence":1,"minecraft:wheat_seeds":7,"minecraft:beef":22,"minecraft:stone_pickaxe":2,"minecraft:cooked_chicken":4,"minecraft:birch_sapling":5,"minecraft:egg":5,"minecraft:furnace":4,"minecraft:stick":9,"minecraft:raw_iron":30,"minecraft:birch_boat":2,"minecraft:porkchop":1,"minecraft:diorite":29,"minecraft:spider_eye":1,"minecraft:arrow":6,"minecraft:rotten_flesh":8,"minecraft:granite":3,"minecraft:mutton":6,"minecraft:coal":68,"minecraft:white_wool":5,"minecraft:cobblestone":196},"minecraft:broken":{"minecraft:stone_pickaxe":2},"minecraft:mined":{"minecraft:brown_mushroom":17,"minecraft:granite":1,"minecraft:short_grass":5,"minecraft:grass_block":18,"minecraft:diorite":29,"minecraft:birch_sapling":1,"minecraft:furnace":4,"minecraft:birch_log":49,"minecraft:iron_ore":31,"minecraft:wheat":4,"minecraft:andesite":3,"minecraft:coal_ore":68,"minecraft:mycelium":1,"minecraft:dirt":40,"minecraft:stone":171,"minecraft:birch_fence":1},"minecraft:crafted":{"minecraft:cooked_beef":20,"minecraft:wooden_sword":2,"minecraft:leather_boots":1,"minecraft:crafting_table":1,"minecraft:wooden_pickaxe":1,"minecraft:cooked_chicken":2,"minecraft:cooked_salmon":11,"minecraft:birch_planks":92,"minecraft:stone_axe":2,"minecraft:air":0,"minecraft:charcoal":14,"minecraft:birch_fence":18,"minecraft:birch_fence_gate":1,"minecraft:stick":52,"minecraft:iron_ingot":9,"minecraft:iron_pickaxe":1,"minecraft:stone_pickaxe":3,"minecraft:wooden_axe":1,"minecraft:chest":1,"minecraft:torch":80},"minecraft:dropped":{"minecraft:cooked_beef":2,"minecraft:birch_sapling":2},"minecraft:used":{"minecraft:stone_pickaxe":322,"minecraft:wooden_pickaxe":12,"minecraft:chest":1,"minecraft:birch_boat":2,"minecraft:cooked_salmon":1,"minecraft:cooked_chicken":2,"minecraft:rotten_flesh":3,"minecraft:torch":9,"minecraft:dirt":10,"minecraft:birch_fence":16,"minecraft:wooden_axe":18,"minecraft:birch_fence_gate":1,"minecraft:stone_axe":82,"minecraft:wooden_sword":62,"minecraft:cobblestone":9,"minecraft:furnace":4,"minecraft:egg":4,"minecraft:cooked_beef":3,"minecraft:potato":1},"minecraft:killed_by":{"minecraft:player":1,"minecraft:zombie":1}},"DataVersion":3839}