{"stats":{"minecraft:custom":{"minecraft:interact_with_furnace":58,"minecraft:mob_kills":39,"minecraft:interact_with_crafting_table":19,"minecraft:leave_game":18,"minecraft:time_since_death":13008,"minecraft:time_since_rest":13035,"minecraft:sprint_one_cm":69447,"minecraft:damage_taken":883,"minecraft:walk_one_cm":112932,"minecraft:damage_blocked_by_shield":471,"minecraft:drop":4,"minecraft:damage_dealt":4039,"minecraft:swim_one_cm":65227,"minecraft:fly_one_cm":91331,"minecraft:crouch_one_cm":6522,"minecraft:play_time":66246,"minecraft:deaths":1,"minecraft:sneak_time":5215,"minecraft:walk_under_water_one_cm":37620,"minecraft:boat_one_cm":88181,"minecraft:jump":980,"minecraft:walk_on_water_one_cm":43783,"minecraft:total_world_time":66246,"minecraft:fall_one_cm":23498},"minecraft:killed":{"minecraft:salmon":18,"minecraft:spider":2,"minecraft:cod":3,"minecraft:skeleton":5,"minecraft:zombie":9,"minecraft:chicken":2},"minecraft:picked_up":{"minecraft:birch_log":101,"minecraft:crafting_table":9,"minecraft:feather":2,"minecraft:chicken":2,"minecraft:salmon":17,"minecraft:birch_planks":1,"minecraft:flint":2,"minecraft:oak_log":26,"minecraft:dirt":27,"minecraft:lapis_lazuli":54,"minecraft:string":2,"minecraft:raw_copper":14,"minecraft:cooked_salmon":2,"minecraft:bone":5,"minecraft:kelp":197,"minecraft:wheat_seeds":2,"minecraft:cobbled_deepslate":5,"minecraft:sugar_cane":5,"minecraft:birch_sapling":4,"minecraft:furnace":9,"minecraft:stick":10,"minecraft:raw_iron":60,"minecraft:birch_boat":4,"minecraft:torch":3,"minecraft:gravel":61,"minecraft:diorite":30,"minecraft:redstone":42,"minecraft:spider_eye":2,"minecraft:arrow":6,"minecraft:rotten_flesh":5,"minecraft:granite":6,"minecraft:cod":2,"minecraft:coal":50,"minecraft:cobblestone":110},"minecraft:broken":{"minecraft:stone_pickaxe":1},"minecraft:mined":{"minecraft:deepslate_redstone_ore":9,"minecraft:kelp_plant":42,"minecraft:crafting_table":9,"minecraft:glow_lichen":1,"minecraft:granite":6,"minecraft:short_grass":16,"minecraft:grass_block":6,"minecraft:copper_ore":1,"minecraft:cobblestone":10,"minecraft:lapis_ore":2,"minecraft:sugar_cane":2,"minecraft:kelp":11,"minecraft:diorite":32,"minecraft:deepslate_copper_ore":4,"minecraft:seagrass":4,"minecraft:birch_planks":1,"minecraft:tall_seagrass":4,"minecraft:furnace":9,"minecraft:birch_log":101,"minecraft:iron_ore":28,"minecraft:birch_leaves":5,"minecraft:deepslate_lapis_ore":7,"minecraft:oak_log":27,"minecraft:coal_ore":33,"minecraft:deepslate_iron_ore":33,"minecraft:gravel":63,"minecraft:dirt":22,"minecraft:stone":100,"minecraft:oak_leaves":3,"minecraft:deepslate":2},"minecraft:crafted":{"minecraft:birch_wood":3,"minecraft:crafting_table":3,"minecraft:iron_sword":1,"minecraft:iron_helmet":1,"minecraft:birch_boat":2,"minecraft:wooden_pickaxe":2,"minecraft:cooked_chicken":2,"minecraft:birch_slab":12,"minecraft:furnace":2,"minecraft:cooked_salmon":15,"minecraft:bucket":1,"minecraft:birch_planks":76,"minecraft:stone_axe":2,"minecraft:air":0,"minecraft:iron_boots":1,"minecraft:iron_chestplate":1,"minecraft:charcoal":10,"minecraft:shield":1,"minecraft:stick":24,"minecraft:iron_ingot":36,"minecraft:iron_pickaxe":1,"minecraft:stone_pickaxe":3,"minecraft:stone_sword":2,"minecraft:iron_leggings":1,"minecraft:torch":40},"minecraft:dropped":{"minecraft:gravel":6,"minecraft:raw_copper":5,"minecraft:birch_sapling":2,"minecraft:feather":2},"minecraft:used":{"minecraft:water_bucket":3,"minecraft:diorite":19,"minecraft:stone_sword":52,"minecraft:birch_planks":3,"minecraft:stone_pickaxe":187,"minecraft:wooden_pickaxe":28,"minecraft:birch_boat":4,"minecraft:shield":25,"minecraft:cooked_salmon":5,"minecraft:cooked_chicken":2,"minecraft:rotten_flesh":2,"minecraft:iron_sword":76,"minecraft:torch":40,"minecraft:dirt":27,"minecraft:crafting_table":10,"minecraft:iron_pickaxe":65,"minecraft:gravel":55,"minecraft:stone_axe":127,"minecraft:cobblestone":53,"minecraft:furnace":9,"minecraft:bucket":3}},"DataVersion":3839}