{"stats":{"minecraft:custom":{"minecraft:interact_with_furnace":58,"minecraft:mob_kills":36,"minecraft:interact_with_crafting_table":15,"minecraft:leave_game":6,"minecraft:time_since_death":52513,"minecraft:time_since_rest":52513,"minecraft:sprint_one_cm":59796,"minecraft:damage_taken":642,"minecraft:walk_one_cm":101416,"minecraft:damage_blocked_by_shield":471,"minecraft:drop":4,"minecraft:damage_dealt":3862,"minecraft:swim_one_cm":43387,"minecraft:fly_one_cm":73330,"minecraft:crouch_one_cm":5372,"minecraft:play_time":52513,"minecraft:sneak_time":4269,"minecraft:walk_under_water_one_cm":21092,"minecraft:boat_one_cm":26515,"minecraft:jump":815,"minecraft:walk_on_water_one_cm":11452,"minecraft:total_world_time":52513,"minecraft:fall_one_cm":20880},"minecraft:killed":{"minecraft:salmon":18,"minecraft:spider":2,"minecraft:skeleton":5,"minecraft:zombie":9,"minecraft:chicken":2},"minecraft:picked_up":{"minecraft:birch_log":54,"minecraft:crafting_table":7,"minecraft:feather":2,"minecraft:chicken":2,"minecraft:salmon":17,"minecraft:flint":2,"minecraft:oak_log":26,"minecraft:dirt":27,"minecraft:lapis_lazuli":54,"minecraft:string":2,"minecraft:raw_copper":14,"minecraft:cooked_salmon":2,"minecraft:bone":5,"minecraft:wheat_seeds":2,"minecraft:cobbled_deepslate":4,"minecraft:birch_sapling":4,"minecraft:furnace":9,"minecraft:stick":6,"minecraft:raw_iron":60,"minecraft:birch_boat":2,"minecraft:torch":2,"minecraft:gravel":61,"minecraft:diorite":30,"minecraft:redstone":42,"minecraft:spider_eye":2,"minecraft:arrow":6,"minecraft:rotten_flesh":5,"minecraft:granite":6,"minecraft:coal":38,"minecraft:cobblestone":94},"minecraft:broken":{"minecraft:stone_pickaxe":1},"minecraft:mined":{"minecraft:deepslate_redstone_ore":9,"minecraft:crafting_table":7,"minecraft:glow_lichen":1,"minecraft:granite":6,"minecraft:short_grass":16,"minecraft:grass_block":6,"minecraft:copper_ore":1,"minecraft:cobblestone":10,"minecraft:lapis_ore":2,"minecraft:diorite":32,"minecraft:deepslate_copper_ore":4,"minecraft:tall_seagrass":1,"minecraft:furnace":9,"minecraft:birch_log":54,"minecraft:iron_ore":28,"minecraft:birch_leaves":3,"minecraft:deepslate_lapis_ore":7,"minecraft:oak_log":27,"minecraft:coal_ore":21,"minecraft:deepslate_iron_ore":33,"minecraft:gravel":63,"minecraft:dirt":22,"minecraft:stone":84,"minecraft:oak_leaves":3,"minecraft:deepslate":2},"minecraft:crafted":{"minecraft:crafting_table":2,"minecraft:iron_sword":1,"minecraft:birch_boat":1,"minecraft:wooden_pickaxe":1,"minecraft:iron_helmet":1,"minecraft:cooked_chicken":2,"minecraft:birch_slab":12,"minecraft:furnace":2,"minecraft:cooked_salmon":15,"minecraft:bucket":1,"minecraft:birch_planks":48,"minecraft:stone_axe":1,"minecraft:air":0,"minecraft:iron_boots":1,"minecraft:iron_chestplate":1,"minecraft:charcoal":10,"minecraft:shield":1,"minecraft:stick":16,"minecraft:iron_ingot":36,"minecraft:iron_pickaxe":1,"minecraft:stone_pickaxe":2,"minecraft:stone_sword":1,"minecraft:iron_leggings":1,"minecraft:torch":40},"minecraft:dropped":{"minecraft:gravel":6,"minecraft:raw_copper":5,"minecraft:birch_sapling":2,"minecraft:feather":2},"minecraft:used":{"minecraft:water_bucket":3,"minecraft:diorite":19,"minecraft:stone_sword":35,"minecraft:stone_pickaxe":162,"minecraft:wooden_pickaxe":25,"minecraft:birch_boat":2,"minecraft:shield":25,"minecraft:cooked_salmon":5,"minecraft:cooked_chicken":2,"minecraft:rotten_flesh":2,"minecraft:iron_sword":76,"minecraft:torch":40,"minecraft:dirt":27,"minecraft:crafting_table":8,"minecraft:iron_pickaxe":65,"minecraft:gravel":55,"minecraft:stone_axe":94,"minecraft:cobblestone":46,"minecraft:furnace":9,"minecraft:bucket":3}},"DataVersion":3839}