{"stats":{"minecraft:mined":{"minecraft:deepslate_redstone_ore":9,"minecraft:kelp_plant":47,"minecraft:short_grass":16,"minecraft:crafting_table":10,"minecraft:glow_lichen":1,"minecraft:granite":6,"minecraft:grass_block":6,"minecraft:copper_ore":1,"minecraft:cobblestone":11,"minecraft:lapis_ore":2,"minecraft:sugar_cane":2,"minecraft:kelp":11,"minecraft:diorite":32,"minecraft:deepslate_copper_ore":4,"minecraft:seagrass":4,"minecraft:birch_planks":1,"minecraft:tall_seagrass":4,"minecraft:furnace":9,"minecraft:birch_log":101,"minecraft:iron_ore":28,"minecraft:birch_leaves":5,"minecraft:deepslate_lapis_ore":7,"minecraft:oak_log":27,"minecraft:coal_ore":33,"minecraft:deepslate_iron_ore":33,"minecraft:gravel":63,"minecraft:dirt":22,"minecraft:stone":111,"minecraft:oak_leaves":3,"minecraft:deepslate":2},"minecraft:picked_up":{"minecraft:nautilus_shell":1,"minecraft:birch_log":101,"minecraft:crafting_table":10,"minecraft:feather":2,"minecraft:chicken":2,"minecraft:salmon":17,"minecraft:birch_planks":1,"minecraft:flint":2,"minecraft:oak_log":26,"minecraft:dirt":27,"minecraft:lapis_lazuli":54,"minecraft:string":4,"minecraft:raw_copper":14,"minecraft:cooked_salmon":2,"minecraft:bone":5,"minecraft:kelp":208,"minecraft:wheat_seeds":2,"minecraft:cobbled_deepslate":5,"minecraft:sugar_cane":5,"minecraft:birch_sapling":4,"minecraft:furnace":9,"minecraft:stick":10,"minecraft:raw_iron":60,"minecraft:birch_boat":4,"minecraft:torch":3,"minecraft:gravel":61,"minecraft:diorite":30,"minecraft:redstone":42,"minecraft:spider_eye":3,"minecraft:arrow":6,"minecraft:rotten_flesh":7,"minecraft:granite":6,"minecraft:bone_meal":1,"minecraft:cod":11,"minecraft:coal":50,"minecraft:cobblestone":122},"minecraft:killed":{"minecraft:salmon":18,"minecraft:spider":3,"minecraft:cod":15,"minecraft:skeleton":5,"minecraft:zombie":9,"minecraft:chicken":2,"minecraft:drowned":3},"minecraft:dropped":{"minecraft:gravel":6,"minecraft:kelp":80,"minecraft:raw_copper":5,"minecraft:birch_sapling":2,"minecraft:feather":2},"minecraft:broken":{"minecraft:stone_pickaxe":1},"minecraft:used":{"minecraft:water_bucket":3,"minecraft:diorite":19,"minecraft:stone_sword":118,"minecraft:birch_planks":3,"minecraft:stone_pickaxe":199,"minecraft:wooden_pickaxe":28,"minecraft:birch_boat":4,"minecraft:shield":25,"minecraft:cooked_salmon":5,"minecraft:cooked_chicken":2,"minecraft:rotten_flesh":2,"minecraft:iron_sword":76,"minecraft:torch":41,"minecraft:dirt":27,"minecraft:crafting_table":11,"minecraft:cod":1,"minecraft:iron_pickaxe":65,"minecraft:gravel":55,"minecraft:stone_axe":128,"minecraft:cobblestone":57,"minecraft:furnace":10,"minecraft:cooked_cod":2,"minecraft:bucket":3},"minecraft:crafted":{"minecraft:cooked_cod":8,"minecraft:birch_wood":3,"minecraft:crafting_table":3,"minecraft:iron_helmet":1,"minecraft:birch_boat":2,"minecraft:wooden_pickaxe":2,"minecraft:cooked_chicken":2,"minecraft:iron_sword":1,"minecraft:birch_slab":12,"minecraft:furnace":3,"minecraft:cooked_salmon":15,"minecraft:bucket":1,"minecraft:birch_planks":76,"minecraft:stone_axe":2,"minecraft:air":0,"minecraft:iron_boots":1,"minecraft:iron_chestplate":1,"minecraft:charcoal":10,"minecraft:shield":1,"minecraft:stick":28,"minecraft:iron_ingot":36,"minecraft:iron_pickaxe":1,"minecraft:stone_pickaxe":3,"minecraft:stone_sword":2,"minecraft:iron_leggings":1,"minecraft:torch":56},"minecraft:custom":{"minecraft:interact_with_furnace":62,"minecraft:mob_kills":55,"minecraft:interact_with_crafting_table":27,"minecraft:leave_game":19,"minecraft:time_since_death":19009,"minecraft:time_since_rest":19036,"minecraft:sprint_one_cm":72441,"minecraft:damage_taken":1028,"minecraft:walk_one_cm":126962,"minecraft:damage_blocked_by_shield":471,"minecraft:drop":6,"minecraft:damage_dealt":5457,"minecraft:swim_one_cm":86286,"minecraft:fly_one_cm":96588,"minecraft:crouch_one_cm":6544,"minecraft:play_time":72247,"minecraft:deaths":1,"minecraft:sneak_time":6230,"minecraft:walk_under_water_one_cm":57043,"minecraft:boat_one_cm":88181,"minecraft:jump":1025,"minecraft:walk_on_water_one_cm":50907,"minecraft:total_world_time":72247,"minecraft:fall_one_cm":23498}},"DataVersion":3839}