{"stats":{"minecraft:custom":{"minecraft:interact_with_furnace":7,"minecraft:mob_kills":60,"minecraft:traded_with_villager":1,"minecraft:interact_with_crafting_table":18,"minecraft:bell_ring":4,"minecraft:leave_game":2,"minecraft:sleep_in_bed":1,"minecraft:time_since_death":65242,"minecraft:climb_one_cm":230,"minecraft:time_since_rest":9958,"minecraft:sprint_one_cm":183107,"minecraft:damage_taken":713,"minecraft:walk_one_cm":72278,"minecraft:damage_blocked_by_shield":325,"minecraft:drop":35,"minecraft:damage_dealt":9060,"minecraft:talked_to_villager":2,"minecraft:swim_one_cm":68104,"minecraft:fly_one_cm":245676,"minecraft:open_chest":24,"minecraft:crouch_one_cm":5850,"minecraft:play_time":65242,"minecraft:sneak_time":2913,"minecraft:walk_under_water_one_cm":19337,"minecraft:boat_one_cm":479291,"minecraft:jump":1357,"minecraft:interact_with_brewingstand":1,"minecraft:walk_on_water_one_cm":20513,"minecraft:total_world_time":65242,"minecraft:fall_one_cm":26364},"minecraft:killed":{"minecraft:pig":10,"minecraft:witch":1,"minecraft:spider":2,"minecraft:creeper":2,"minecraft:sheep":14,"minecraft:skeleton":5,"minecraft:zombie":8,"minecraft:drowned":1,"minecraft:enderman":3,"minecraft:cow":13},"minecraft:picked_up":{"minecraft:birch_log":6,"minecraft:crafting_table":7,"minecraft:water_bucket":1,"minecraft:leather":11,"minecraft:flint":2,"minecraft:tuff":51,"minecraft:oak_log":12,"minecraft:gunpowder":4,"minecraft:dirt":5,"minecraft:bone":6,"minecraft:kelp":1,"minecraft:cracked_stone_bricks":1,"minecraft:wheat_seeds":6,"minecraft:cobbled_deepslate":105,"minecraft:raw_gold":8,"minecraft:beef":20,"minecraft:iron_ingot":2,"minecraft:oak_boat":2,"minecraft:light_gray_wool":1,"minecraft:mossy_stone_bricks":1,"minecraft:sugar_cane":28,"minecraft:birch_sapling":1,"minecraft:furnace":2,"minecraft:stick":2,"minecraft:raw_iron":15,"minecraft:birch_boat":10,"minecraft:oak_door":11,"minecraft:porkchop":22,"minecraft:bowl":3,"minecraft:gravel":20,"minecraft:jungle_planks":1,"minecraft:sand":6,"minecraft:grass_block":1,"minecraft:arrow":5,"minecraft:diamond":5,"minecraft:coal":29,"minecraft:mutton":21,"minecraft:white_wool":9,"minecraft:cobblestone":22,"minecraft:ender_pearl":2},"minecraft:mined":{"minecraft:tuff":54,"minecraft:deepslate_diamond_ore":5,"minecraft:oak_door":11,"minecraft:crafting_table":7,"minecraft:torch":1,"minecraft:short_grass":20,"minecraft:grass_block":6,"minecraft:jungle_planks":1,"minecraft:tall_grass":4,"minecraft:deepslate_gold_ore":5,"minecraft:sugar_cane":12,"minecraft:tall_seagrass":3,"minecraft:furnace":2,"minecraft:wheat":1,"minecraft:iron_ore":8,"minecraft:birch_log":4,"minecraft:andesite":16,"minecraft:oak_log":12,"minecraft:deepslate_iron_ore":9,"minecraft:gravel":23,"minecraft:sand":11,"minecraft:cracked_stone_bricks":1,"minecraft:stone":16,"minecraft:mossy_stone_bricks":1,"minecraft:gold_ore":3,"minecraft:oak_leaves":2,"minecraft:deepslate":103},"minecraft:crafted":{"minecraft:oak_door":3,"minecraft:oak_planks":48,"minecraft:redstone":2,"minecraft:diamond_sword":1,"minecraft:cooked_porkchop":20,"minecraft:crafting_table":2,"minecraft:birch_boat":1,"minecraft:wooden_pickaxe":1,"minecraft:iron_helmet":1,"minecraft:bowl":8,"minecraft:furnace":1,"minecraft:bucket":1,"minecraft:birch_planks":12,"minecraft:air":0,"minecraft:oak_boat":1,"minecraft:iron_boots":1,"minecraft:iron_chestplate":1,"minecraft:shield":1,"minecraft:iron_axe":1,"minecraft:stick":12,"minecraft:iron_ingot":11,"minecraft:iron_pickaxe":1,"minecraft:stone_pickaxe":1,"minecraft:wooden_axe":1,"minecraft:chest":1,"minecraft:iron_leggings":1},"minecraft:dropped":{"minecraft:water_bucket":1,"minecraft:kelp":1,"minecraft:birch_planks":3,"minecraft:cobbled_deepslate":4,"minecraft:bowl":11,"minecraft:tuff":1,"minecraft:cobblestone":11,"minecraft:oak_planks":2,"minecraft:grass_block":1,"minecraft:stick":3,"minecraft:filled_map":1,"minecraft:wooden_axe":1,"minecraft:arrow":2,"minecraft:stone_pickaxe":1,"minecraft:wooden_pickaxe":1,"minecraft:redstone":2,"minecraft:bone":6},"minecraft:used":{"minecraft:wheat_seeds":1,"minecraft:water_bucket":6,"minecraft:stone_pickaxe":4,"minecraft:birch_boat":10,"minecraft:shield":8,"minecraft:chest":1,"minecraft:wooden_pickaxe":3,"minecraft:leather_boots":1,"minecraft:oak_door":13,"minecraft:sand":6,"minecraft:mutton":1,"minecraft:crafting_table":8,"minecraft:mushroom_stew":9,"minecraft:tuff":7,"minecraft:wooden_axe":35,"minecraft:lava_bucket":4,"minecraft:bread":5,"minecraft:iron_axe":7,"minecraft:birch_sapling":1,"minecraft:iron_pickaxe":224,"minecraft:diamond_sword":145,"minecraft:cooked_porkchop":4,"minecraft:furnace":2,"minecraft:cooked_cod":2,"minecraft:bucket":11,"minecraft:oak_boat":3,"minecraft:cobbled_deepslate":1}},"DataVersion":3839}