{"stats":{"minecraft:custom":{"minecraft:time_since_rest":11172,"minecraft:sprint_one_cm":45664,"minecraft:damage_taken":374,"minecraft:walk_one_cm":277023,"minecraft:mob_kills":13,"minecraft:damage_dealt":1359,"minecraft:interact_with_crafting_table":8,"minecraft:swim_one_cm":15808,"minecraft:fly_one_cm":25452,"minecraft:talked_to_villager":1,"minecraft:open_chest":20,"minecraft:crouch_one_cm":193,"minecraft:play_time":52467,"minecraft:deaths":1,"minecraft:sneak_time":226,"minecraft:walk_under_water_one_cm":13173,"minecraft:jump":644,"minecraft:interact_with_stonecutter":1,"minecraft:leave_game":5,"minecraft:time_since_death":36762,"minecraft:walk_on_water_one_cm":72282,"minecraft:total_world_time":52467,"minecraft:sleep_in_bed":2,"minecraft:climb_one_cm":1712,"minecraft:fall_one_cm":5293},"minecraft:killed":{"minecraft:sheep":4,"minecraft:zombie":1,"minecraft:pig":1,"minecraft:cow":6},"minecraft:picked_up":{"minecraft:birch_log":10,"minecraft:stick":7,"minecraft:crafting_table":4,"minecraft:leather":7,"minecraft:birch_planks":2,"minecraft:porkchop":1,"minecraft:oak_log":11,"minecraft:white_bed":3,"minecraft:prismarine_crystals":2,"minecraft:cornflower":1,"minecraft:dirt":5,"minecraft:kelp":10,"minecraft:wheat_seeds":1,"minecraft:hay_block":49,"minecraft:beef":13,"minecraft:oak_sapling":4,"minecraft:mutton":5,"minecraft:oak_planks":11,"minecraft:cobblestone":2,"minecraft:white_wool":4,"minecraft:egg":1,"minecraft:oxeye_daisy":1},"minecraft:mined":{"minecraft:hay_block":49,"minecraft:seagrass":1,"minecraft:tall_seagrass":3,"minecraft:birch_planks":2,"minecraft:white_bed":3,"minecraft:kelp_plant":2,"minecraft:birch_log":10,"minecraft:birch_leaves":1,"minecraft:sea_lantern":1,"minecraft:crafting_table":4,"minecraft:cornflower":1,"minecraft:short_grass":3,"minecraft:grass_block":2,"minecraft:oak_log":11,"minecraft:dirt":3,"minecraft:tall_grass":1,"minecraft:stone":2,"minecraft:oak_planks":11,"minecraft:kelp":2,"minecraft:oxeye_daisy":1,"minecraft:oak_leaves":2},"minecraft:crafted":{"minecraft:wooden_sword":2,"minecraft:oak_planks":44,"minecraft:crafting_table":2,"minecraft:stick":12,"minecraft:wooden_pickaxe":1,"minecraft:wooden_axe":2,"minecraft:birch_planks":40,"minecraft:bread":147,"minecraft:wheat":441},"minecraft:used":{"minecraft:birch_planks":2,"minecraft:bread":2,"minecraft:wooden_pickaxe":2,"minecraft:wooden_sword":32,"minecraft:dirt":5,"minecraft:crafting_table":4,"minecraft:wooden_axe":15,"minecraft:egg":1},"minecraft:killed_by":{"minecraft:creeper":1}},"DataVersion":3839}