{"stats":{"minecraft:mined":{"minecraft:tuff":17,"minecraft:white_bed":3,"minecraft:kelp_plant":2,"minecraft:powder_snow":26,"minecraft:sea_lantern":1,"minecraft:crafting_table":4,"minecraft:cornflower":1,"minecraft:torch":5,"minecraft:short_grass":3,"minecraft:grass_block":7,"minecraft:copper_ore":1,"minecraft:tall_grass":1,"minecraft:cobblestone":16,"minecraft:oak_planks":13,"minecraft:kelp":2,"minecraft:oxeye_daisy":1,"minecraft:diorite":5,"minecraft:wall_torch":1,"minecraft:seagrass":1,"minecraft:hay_block":49,"minecraft:tall_seagrass":3,"minecraft:birch_planks":2,"minecraft:birch_log":10,"minecraft:iron_ore":12,"minecraft:birch_leaves":2,"minecraft:andesite":6,"minecraft:oak_log":28,"minecraft:deepslate_iron_ore":2,"minecraft:gravel":1,"minecraft:dirt":8,"minecraft:stone":141,"minecraft:gold_ore":1,"minecraft:oak_leaves":3,"minecraft:deepslate":18},"minecraft:picked_up":{"minecraft:birch_log":10,"minecraft:crafting_table":4,"minecraft:iron_chestplate":1,"minecraft:leather":7,"minecraft:birch_planks":2,"minecraft:tuff":14,"minecraft:oak_log":28,"minecraft:dirt":15,"minecraft:cornflower":1,"minecraft:string":3,"minecraft:raw_copper":2,"minecraft:iron_leggings":1,"minecraft:bone":4,"minecraft:kelp":10,"minecraft:bow":1,"minecraft:wheat_seeds":1,"minecraft:cobbled_deepslate":19,"minecraft:raw_gold":1,"minecraft:bucket":3,"minecraft:iron_ingot":1,"minecraft:beef":13,"minecraft:oak_planks":13,"minecraft:iron_boots":1,"minecraft:egg":1,"minecraft:stick":7,"minecraft:raw_iron":14,"minecraft:torch":10,"minecraft:gravel":3,"minecraft:porkchop":1,"minecraft:diorite":4,"minecraft:white_bed":3,"minecraft:spider_eye":1,"minecraft:prismarine_crystals":2,"minecraft:arrow":4,"minecraft:rotten_flesh":5,"minecraft:hay_block":49,"minecraft:iron_helmet":1,"minecraft:bread":64,"minecraft:oak_sapling":5,"minecraft:mutton":5,"minecraft:white_wool":4,"minecraft:cobblestone":154,"minecraft:oxeye_daisy":1},"minecraft:killed":{"minecraft:pig":1,"minecraft:spider":2,"minecraft:creeper":1,"minecraft:sheep":4,"minecraft:skeleton":4,"minecraft:zombie":5,"minecraft:cow":6},"minecraft:dropped":{"minecraft:bread":192,"minecraft:wheat_seeds":1,"minecraft:rotten_flesh":1,"minecraft:prismarine_crystals":2,"minecraft:oak_planks":33,"minecraft:oxeye_daisy":1,"minecraft:lava_bucket":2,"minecraft:cornflower":1,"minecraft:oak_sapling":5,"minecraft:string":2,"minecraft:bone":2},"minecraft:broken":{"minecraft:wooden_sword":1},"minecraft:used":{"minecraft:diorite":4,"minecraft:stone_sword":21,"minecraft:birch_planks":2,"minecraft:stone_pickaxe":167,"minecraft:oak_planks":5,"minecraft:wooden_pickaxe":58,"minecraft:chest":1,"minecraft:shield":1,"minecraft:iron_chestplate":2,"minecraft:torch":9,"minecraft:dirt":7,"minecraft:crafting_table":4,"minecraft:white_bed":1,"minecraft:wooden_axe":35,"minecraft:apple":5,"minecraft:bread":16,"minecraft:iron_pickaxe":1,"minecraft:iron_helmet":2,"minecraft:iron_boots":2,"minecraft:gravel":2,"minecraft:wooden_sword":66,"minecraft:cobblestone":57,"minecraft:bucket":3,"minecraft:egg":1,"minecraft:iron_leggings":2},"minecraft:crafted":{"minecraft:wooden_sword":3,"minecraft:oak_planks":112,"minecraft:crafting_table":2,"minecraft:wooden_pickaxe":2,"minecraft:birch_planks":40,"minecraft:bread":147,"minecraft:shield":1,"minecraft:stick":16,"minecraft:iron_pickaxe":1,"minecraft:stone_pickaxe":2,"minecraft:wooden_axe":2,"minecraft:stone_sword":1,"minecraft:chest":1,"minecraft:redstone_block":10,"minecraft:torch":8,"minecraft:wheat":441},"minecraft:killed_by":{"minecraft:warden":1,"minecraft:creeper":1},"minecraft:custom":{"minecraft:interact_with_furnace":4,"minecraft:mob_kills":24,"minecraft:interact_with_crafting_table":20,"minecraft:interact_with_stonecutter":1,"minecraft:leave_game":9,"minecraft:time_since_death":26719,"minecraft:sleep_in_bed":4,"minecraft:climb_one_cm":1712,"minecraft:time_since_rest":24328,"minecraft:sprint_one_cm":85311,"minecraft:damage_taken":1464,"minecraft:walk_one_cm":658470,"minecraft:damage_blocked_by_shield":115,"minecraft:drop":47,"minecraft:damage_dealt":3414,"minecraft:player_kills":1,"minecraft:swim_one_cm":15808,"minecraft:talked_to_villager":1,"minecraft:fly_one_cm":63469,"minecraft:open_chest":40,"minecraft:crouch_one_cm":1048,"minecraft:play_time":115461,"minecraft:deaths":2,"minecraft:sneak_time":732,"minecraft:walk_under_water_one_cm":14388,"minecraft:jump":1910,"minecraft:walk_on_water_one_cm":75834,"minecraft:total_world_time":115461,"minecraft:fall_one_cm":22051}},"DataVersion":3839}