{"stats":{"minecraft:custom":{"minecraft:interact_with_furnace":13,"minecraft:mob_kills":19,"minecraft:interact_with_crafting_table":11,"minecraft:leave_game":3,"minecraft:time_since_death":53253,"minecraft:time_since_rest":53253,"minecraft:sprint_one_cm":83729,"minecraft:damage_taken":653,"minecraft:walk_one_cm":194142,"minecraft:damage_blocked_by_shield":130,"minecraft:damage_dealt":2485,"minecraft:swim_one_cm":12125,"minecraft:fly_one_cm":45250,"minecraft:crouch_one_cm":741,"minecraft:play_time":53253,"minecraft:sneak_time":248,"minecraft:walk_under_water_one_cm":933,"minecraft:jump":631,"minecraft:walk_on_water_one_cm":2828,"minecraft:total_world_time":53253,"minecraft:fall_one_cm":9492},"minecraft:killed":{"minecraft:spider":1,"minecraft:sheep":2,"minecraft:skeleton":5,"minecraft:zombie":5,"minecraft:chicken":3,"minecraft:cow":3},"minecraft:picked_up":{"minecraft:birch_log":16,"minecraft:crafting_table":2,"minecraft:feather":2,"minecraft:chicken":3,"minecraft:leather":2,"minecraft:oak_log":12,"minecraft:dirt":3,"minecraft:lapis_lazuli":30,"minecraft:string":3,"minecraft:bone":7,"minecraft:oak_sign":1,"minecraft:apple":1,"minecraft:cobbled_deepslate":4,"minecraft:raw_gold":2,"minecraft:beef":6,"minecraft:iron_ingot":1,"minecraft:chest":1,"minecraft:egg":2,"minecraft:furnace":2,"minecraft:raw_iron":22,"minecraft:torch":3,"minecraft:diorite":32,"minecraft:arrow":7,"minecraft:rotten_flesh":6,"minecraft:granite":1,"minecraft:mutton":3,"minecraft:coal":94,"minecraft:white_wool":2,"minecraft:cobblestone":203},"minecraft:broken":{"minecraft:stone_pickaxe":2},"minecraft:mined":{"minecraft:crafting_table":2,"minecraft:torch":1,"minecraft:granite":1,"minecraft:short_grass":2,"minecraft:grass_block":1,"minecraft:cobblestone":2,"minecraft:lapis_ore":4,"minecraft:deepslate_gold_ore":2,"minecraft:diorite":32,"minecraft:wall_torch":1,"minecraft:furnace":2,"minecraft:birch_log":16,"minecraft:iron_ore":14,"minecraft:oak_log":9,"minecraft:coal_ore":78,"minecraft:deepslate_iron_ore":8,"minecraft:dirt":2,"minecraft:stone":201,"minecraft:oak_leaves":4,"minecraft:deepslate":4},"minecraft:crafted":{"minecraft:cooked_beef":6,"minecraft:oak_planks":40,"minecraft:crafting_table":4,"minecraft:wooden_pickaxe":1,"minecraft:iron_helmet":1,"minecraft:cooked_chicken":3,"minecraft:iron_sword":1,"minecraft:furnace":1,"minecraft:birch_planks":4,"minecraft:stone_axe":1,"minecraft:cooked_mutton":3,"minecraft:air":0,"minecraft:shield":1,"minecraft:stick":36,"minecraft:iron_ingot":12,"minecraft:iron_pickaxe":1,"minecraft:stone_pickaxe":2,"minecraft:torch":100},"minecraft:used":{"minecraft:cooked_mutton":3,"minecraft:diorite":2,"minecraft:stone_pickaxe":264,"minecraft:wooden_pickaxe":17,"minecraft:shield":5,"minecraft:iron_sword":27,"minecraft:cooked_chicken":3,"minecraft:rotten_flesh":2,"minecraft:torch":53,"minecraft:crafting_table":5,"minecraft:apple":1,"minecraft:iron_pickaxe":70,"minecraft:iron_helmet":1,"minecraft:stone_axe":39,"minecraft:cobblestone":16,"minecraft:furnace":2,"minecraft:cooked_beef":3}},"DataVersion":3839}