{"stats":{"minecraft:custom":{"minecraft:interact_with_furnace":9,"minecraft:mob_kills":14,"minecraft:interact_with_crafting_table":9,"minecraft:leave_game":1,"minecraft:time_since_death":15496,"minecraft:time_since_rest":15564,"minecraft:sprint_one_cm":147916,"minecraft:damage_taken":592,"minecraft:walk_one_cm":65059,"minecraft:drop":3,"minecraft:damage_dealt":1330,"minecraft:swim_one_cm":87340,"minecraft:fly_one_cm":86601,"minecraft:open_chest":1,"minecraft:crouch_one_cm":870,"minecraft:play_time":47019,"minecraft:deaths":2,"minecraft:sneak_time":326,"minecraft:walk_under_water_one_cm":6168,"minecraft:jump":576,"minecraft:walk_on_water_one_cm":11519,"minecraft:total_world_time":47019,"minecraft:fall_one_cm":7409},"minecraft:killed":{"minecraft:pig":4,"minecraft:cod":4,"minecraft:zombie":2,"minecraft:chicken":2,"minecraft:cow":1},"minecraft:picked_up":{"minecraft:birch_log":52,"minecraft:crafting_table":7,"minecraft:feather":3,"minecraft:chicken":2,"minecraft:andesite":1,"minecraft:leather":2,"minecraft:red_mushroom":2,"minecraft:birch_planks":37,"minecraft:oak_log":18,"minecraft:dirt":52,"minecraft:kelp":8,"minecraft:beef":1,"minecraft:sugar_cane":11,"minecraft:chest":1,"minecraft:egg":1,"minecraft:furnace":1,"minecraft:dark_oak_sapling":1,"minecraft:torch":2,"minecraft:porkchop":9,"minecraft:rotten_flesh":2,"minecraft:granite":1,"minecraft:coal":19,"minecraft:cod":4,"minecraft:cobblestone":37},"minecraft:mined":{"minecraft:dark_oak_leaves":4,"minecraft:kelp_plant":1,"minecraft:crafting_table":7,"minecraft:torch":2,"minecraft:short_grass":2,"minecraft:grass_block":3,"minecraft:chest":1,"minecraft:mushroom_stem":5,"minecraft:cobblestone":4,"minecraft:sugar_cane":5,"minecraft:birch_planks":1,"minecraft:furnace":1,"minecraft:birch_log":44,"minecraft:andesite":1,"minecraft:birch_leaves":8,"minecraft:oak_log":18,"minecraft:coal_ore":20,"minecraft:dirt":7,"minecraft:red_mushroom_block":4,"minecraft:stone":32,"minecraft:oak_leaves":7},"minecraft:crafted":{"minecraft:sugar":11,"minecraft:cooked_cod":2,"minecraft:oak_planks":16,"minecraft:cooked_porkchop":9,"minecraft:wooden_pickaxe":3,"minecraft:furnace":2,"minecraft:birch_planks":96,"minecraft:stone_axe":1,"minecraft:air":0,"minecraft:stick":20,"minecraft:stone_pickaxe":2,"minecraft:wooden_axe":3,"minecraft:torch":8},"minecraft:dropped":{"minecraft:kelp":4,"minecraft:birch_log":8},"minecraft:used":{"minecraft:birch_planks":8,"minecraft:stone_pickaxe":22,"minecraft:wooden_pickaxe":43,"minecraft:rotten_flesh":2,"minecraft:dirt":28,"minecraft:crafting_table":5,"minecraft:granite":1,"minecraft:wooden_axe":81,"minecraft:chicken":2,"minecraft:golden_helmet":1,"minecraft:stone_axe":10,"minecraft:beef":1,"minecraft:cooked_porkchop":1,"minecraft:furnace":2,"minecraft:cooked_cod":2},"minecraft:killed_by":{"minecraft:skeleton":1}},"DataVersion":3839}