{"stats":{"minecraft:mined":{"minecraft:dark_oak_leaves":4,"minecraft:kelp_plant":1,"minecraft:crafting_table":8,"minecraft:torch":2,"minecraft:short_grass":4,"minecraft:grass_block":4,"minecraft:chest":1,"minecraft:mushroom_stem":5,"minecraft:cobblestone":4,"minecraft:sugar_cane":5,"minecraft:birch_planks":6,"minecraft:furnace":2,"minecraft:birch_log":44,"minecraft:andesite":1,"minecraft:birch_leaves":8,"minecraft:oak_log":18,"minecraft:coal_ore":29,"minecraft:sand":1,"minecraft:dirt":7,"minecraft:red_mushroom_block":6,"minecraft:stone":37,"minecraft:oak_leaves":7},"minecraft:picked_up":{"minecraft:birch_log":52,"minecraft:crafting_table":8,"minecraft:feather":3,"minecraft:chicken":2,"minecraft:andesite":1,"minecraft:leather":7,"minecraft:red_mushroom":2,"minecraft:birch_planks":42,"minecraft:oak_log":18,"minecraft:dirt":53,"minecraft:kelp":8,"minecraft:beef":14,"minecraft:sugar_cane":11,"minecraft:chest":1,"minecraft:oak_planks":8,"minecraft:egg":1,"minecraft:furnace":2,"minecraft:dark_oak_sapling":1,"minecraft:torch":2,"minecraft:porkchop":9,"minecraft:sand":1,"minecraft:rotten_flesh":2,"minecraft:granite":1,"minecraft:coal":28,"minecraft:cod":4,"minecraft:cobblestone":42},"minecraft:killed":{"minecraft:pig":4,"minecraft:cod":4,"minecraft:zombie":2,"minecraft:chicken":2,"minecraft:cow":7},"minecraft:dropped":{"minecraft:kelp":4,"minecraft:birch_log":8},"minecraft:used":{"minecraft:birch_planks":8,"minecraft:stone_pickaxe":37,"minecraft:wooden_pickaxe":43,"minecraft:rotten_flesh":2,"minecraft:dirt":28,"minecraft:crafting_table":5,"minecraft:granite":1,"minecraft:wooden_axe":81,"minecraft:chicken":2,"minecraft:golden_helmet":1,"minecraft:stone_axe":37,"minecraft:cobblestone":6,"minecraft:beef":1,"minecraft:furnace":2,"minecraft:cooked_porkchop":2,"minecraft:cooked_cod":2},"minecraft:crafted":{"minecraft:sugar":11,"minecraft:cooked_cod":2,"minecraft:oak_planks":16,"minecraft:cooked_porkchop":14,"minecraft:wooden_pickaxe":3,"minecraft:furnace":2,"minecraft:birch_planks":96,"minecraft:stone_axe":1,"minecraft:air":0,"minecraft:stick":20,"minecraft:stone_pickaxe":2,"minecraft:wooden_axe":3,"minecraft:torch":8},"minecraft:killed_by":{"minecraft:skeleton":1},"minecraft:custom":{"minecraft:interact_with_furnace":10,"minecraft:mob_kills":20,"minecraft:interact_with_crafting_table":9,"minecraft:leave_game":1,"minecraft:time_since_death":21472,"minecraft:time_since_rest":21540,"minecraft:sprint_one_cm":186476,"minecraft:damage_taken":691,"minecraft:walk_one_cm":81675,"minecraft:drop":3,"minecraft:damage_dealt":1930,"minecraft:swim_one_cm":93715,"minecraft:fly_one_cm":108566,"minecraft:open_chest":1,"minecraft:crouch_one_cm":870,"minecraft:play_time":52995,"minecraft:deaths":2,"minecraft:sneak_time":330,"minecraft:walk_under_water_one_cm":7606,"minecraft:jump":711,"minecraft:walk_on_water_one_cm":13681,"minecraft:total_world_time":52995,"minecraft:fall_one_cm":8245}},"DataVersion":3839}