{"stats":{"minecraft:custom":{"minecraft:interact_with_furnace":7,"minecraft:mob_kills":5,"minecraft:interact_with_crafting_table":13,"minecraft:leave_game":2,"minecraft:time_since_death":30718,"minecraft:climb_one_cm":1167,"minecraft:time_since_rest":30752,"minecraft:sprint_one_cm":89208,"minecraft:damage_taken":1180,"minecraft:walk_one_cm":133741,"minecraft:drop":9,"minecraft:damage_dealt":733,"minecraft:swim_one_cm":25643,"minecraft:fly_one_cm":23777,"minecraft:open_chest":1,"minecraft:crouch_one_cm":64,"minecraft:play_time":59280,"minecraft:deaths":4,"minecraft:sneak_time":78,"minecraft:walk_under_water_one_cm":12861,"minecraft:jump":474,"minecraft:walk_on_water_one_cm":22287,"minecraft:total_world_time":59280,"minecraft:fall_one_cm":5073},"minecraft:killed":{"minecraft:cod":2,"minecraft:zombie":2},"minecraft:picked_up":{"minecraft:birch_log":42,"minecraft:crafting_table":2,"minecraft:feather":2,"minecraft:lilac":5,"minecraft:clay_ball":68,"minecraft:andesite":53,"minecraft:wooden_pickaxe":1,"minecraft:birch_planks":67,"minecraft:tuff":23,"minecraft:lapis_lazuli":26,"minecraft:dirt":56,"minecraft:kelp":14,"minecraft:wheat_seeds":1,"minecraft:cobbled_deepslate":368,"minecraft:raw_gold":8,"minecraft:rose_bush":3,"minecraft:birch_sapling":2,"minecraft:furnace":2,"minecraft:raw_iron":6,"minecraft:sandstone":30,"minecraft:gravel":2,"minecraft:sand":4,"minecraft:diorite":16,"minecraft:carrot":1,"minecraft:dark_oak_log":29,"minecraft:diamond":51,"minecraft:granite":10,"minecraft:oak_sapling":2,"minecraft:coal":35,"minecraft:glow_berries":1,"minecraft:mutton":2,"minecraft:cod":1,"minecraft:white_wool":1,"minecraft:cobblestone":32},"minecraft:mined":{"minecraft:tuff":23,"minecraft:deepslate_diamond_ore":52,"minecraft:kelp_plant":3,"minecraft:dark_oak_log":29,"minecraft:clay":1,"minecraft:crafting_table":2,"minecraft:short_grass":3,"minecraft:grass_block":12,"minecraft:rose_bush":5,"minecraft:deepslate_gold_ore":8,"minecraft:kelp":1,"minecraft:birch_sapling":1,"minecraft:birch_planks":5,"minecraft:furnace":2,"minecraft:birch_log":42,"minecraft:iron_ore":1,"minecraft:cobbled_deepslate":4,"minecraft:andesite":4,"minecraft:birch_leaves":6,"minecraft:deepslate_lapis_ore":4,"minecraft:coal_ore":20,"minecraft:cave_vines":1,"minecraft:deepslate_iron_ore":5,"minecraft:gravel":2,"minecraft:sand":1,"minecraft:dirt":14,"minecraft:stone":32,"minecraft:deepslate":341},"minecraft:crafted":{"minecraft:cooked_cod":1,"minecraft:diamond_axe":1,"minecraft:crafting_table":4,"minecraft:dried_kelp":13,"minecraft:wooden_pickaxe":2,"minecraft:furnace":2,"minecraft:birch_planks":136,"minecraft:stone_axe":2,"minecraft:diamond_helmet":1,"minecraft:diamond_leggings":1,"minecraft:diamond_pickaxe":1,"minecraft:stick":28,"minecraft:iron_ingot":3,"minecraft:iron_pickaxe":1,"minecraft:stone_pickaxe":2,"minecraft:wooden_axe":1,"minecraft:diamond_boots":1,"minecraft:torch":8,"minecraft:diamond_chestplate":1},"minecraft:dropped":{"minecraft:wooden_pickaxe":1,"minecraft:birch_log":8},"minecraft:used":{"minecraft:birch_planks":23,"minecraft:stone_pickaxe":121,"minecraft:dried_kelp":13,"minecraft:wooden_pickaxe":25,"minecraft:torch":7,"minecraft:glow_berries":1,"minecraft:dirt":12,"minecraft:crafting_table":5,"minecraft:carrot":1,"minecraft:wooden_axe":19,"minecraft:diamond_pickaxe":186,"minecraft:iron_pickaxe":168,"minecraft:stone_axe":54,"minecraft:cobblestone":1,"minecraft:furnace":2,"minecraft:cooked_cod":1,"minecraft:andesite":6},"minecraft:killed_by":{"minecraft:skeleton":1,"minecraft:zombie":1}},"DataVersion":3839}