{"stats":{"minecraft:custom":{"minecraft:mob_kills":51,"minecraft:interact_with_crafting_table":65,"minecraft:leave_game":6,"minecraft:time_since_death":12530,"minecraft:sprint_one_cm":431662,"minecraft:walk_one_cm":643254,"minecraft:damage_blocked_by_shield":1797,"minecraft:drop":55,"minecraft:play_time":208778,"minecraft:deaths":31,"minecraft:sneak_time":24153,"minecraft:walk_under_water_one_cm":29974,"minecraft:boat_one_cm":179054,"minecraft:jump":4722,"minecraft:walk_on_water_one_cm":40055,"minecraft:total_world_time":208778,"minecraft:interact_with_furnace":99,"minecraft:sleep_in_bed":2,"minecraft:time_since_rest":170,"minecraft:damage_taken":11204,"minecraft:damage_dealt":8540,"minecraft:swim_one_cm":148774,"minecraft:player_kills":4,"minecraft:fly_one_cm":572845,"minecraft:open_chest":81,"minecraft:crouch_one_cm":70809,"minecraft:fall_one_cm":174336},"minecraft:killed":{"minecraft:spider":4,"minecraft:slime":1,"minecraft:skeleton":8,"minecraft:chicken":1,"minecraft:pig":8,"minecraft:salmon":1,"minecraft:creeper":1,"minecraft:sheep":4,"minecraft:zombie":14,"minecraft:cow":9},"minecraft:picked_up":{"minecraft:wooden_axe":4,"minecraft:crafting_table":3,"minecraft:iron_chestplate":8,"minecraft:wheat":10,"minecraft:chicken":1,"minecraft:clay_ball":48,"minecraft:wooden_pickaxe":1,"minecraft:shield":13,"minecraft:string":12,"minecraft:raw_copper":95,"minecraft:iron_leggings":8,"minecraft:iron_shovel":9,"minecraft:cobbled_deepslate":426,"minecraft:bucket":2,"minecraft:beef":19,"minecraft:iron_pickaxe":10,"minecraft:chest":2,"minecraft:birch_sapling":1,"minecraft:furnace":4,"minecraft:iron_boots":8,"minecraft:egg":1,"minecraft:dark_oak_door":1,"minecraft:stick":33,"minecraft:raw_iron":308,"minecraft:sandstone":70,"minecraft:torch":40,"minecraft:porkchop":17,"minecraft:diorite":81,"minecraft:redstone":320,"minecraft:dark_oak_planks":50,"minecraft:stone_sword":4,"minecraft:arrow":29,"minecraft:rotten_flesh":41,"minecraft:mutton":7,"minecraft:white_wool":6,"minecraft:cobblestone":453,"minecraft:birch_log":13,"minecraft:feather":2,"minecraft:lilac":5,"minecraft:andesite":234,"minecraft:leather":9,"minecraft:dark_oak_boat":2,"minecraft:flint":2,"minecraft:tuff":112,"minecraft:oak_log":6,"minecraft:gunpowder":3,"minecraft:lapis_lazuli":216,"minecraft:dirt":37,"minecraft:bone":68,"minecraft:kelp":202,"minecraft:wheat_seeds":4,"minecraft:raw_gold":22,"minecraft:stone_pickaxe":12,"minecraft:mossy_stone_bricks":1,"minecraft:iron_sword":8,"minecraft:oak_planks":62,"minecraft:birch_boat":1,"minecraft:raw_iron_block":2,"minecraft:gravel":19,"minecraft:sand":21,"minecraft:white_bed":1,"minecraft:grass_block":1,"minecraft:dark_oak_log":6,"minecraft:dried_kelp_block":6,"minecraft:slime_ball":2,"minecraft:diamond":25,"minecraft:stone_axe":2,"minecraft:iron_helmet":8,"minecraft:granite":13,"minecraft:emerald":3,"minecraft:bread":541,"minecraft:oak_sapling":2,"minecraft:coal":163},"minecraft:broken":{"minecraft:stone_pickaxe":1,"minecraft:iron_pickaxe":1},"minecraft:mined":{"minecraft:tuff":23,"minecraft:white_bed":1,"minecraft:deepslate_diamond_ore":7,"minecraft:sculk_vein":26,"minecraft:dark_oak_log":7,"minecraft:granite":13,"minecraft:grass_block":10,"minecraft:kelp":2,"minecraft:sandstone":70,"minecraft:tall_seagrass":4,"minecraft:raw_iron_block":2,"minecraft:sculk_catalyst":4,"minecraft:furnace":4,"minecraft:iron_ore":50,"minecraft:cobbled_deepslate":25,"minecraft:andesite":83,"minecraft:deepslate_lapis_ore":7,"minecraft:sculk_shrieker":3,"minecraft:deepslate_iron_ore":88,"minecraft:stone":370,"minecraft:deepslate_redstone_ore":21,"minecraft:kelp_plant":30,"minecraft:clay":12,"minecraft:crafting_table":3,"minecraft:torch":2,"minecraft:short_grass":31,"minecraft:emerald_ore":1,"minecraft:chest":2,"minecraft:sculk_sensor":25,"minecraft:tall_grass":2,"minecraft:cobblestone":27,"minecraft:lapis_ore":2,"minecraft:deepslate_gold_ore":9,"minecraft:sculk":66,"minecraft:diorite":35,"minecraft:wall_torch":23,"minecraft:seagrass":4,"minecraft:birch_log":10,"minecraft:wheat":1,"minecraft:lilac":7,"minecraft:birch_leaves":1,"minecraft:oak_log":6,"minecraft:coal_ore":96,"minecraft:gravel":8,"minecraft:sand":16,"minecraft:dirt":11,"minecraft:cracked_stone_bricks":1,"minecraft:mossy_stone_bricks":2,"minecraft:oak_leaves":6,"minecraft:deepslate":116},"minecraft:crafted":{"minecraft:oak_planks":20,"minecraft:raw_iron":18,"minecraft:dark_oak_boat":1,"minecraft:birch_boat":1,"minecraft:furnace":6,"minecraft:cooked_mutton":5,"minecraft:iron_boots":2,"minecraft:stone_pickaxe":6,"minecraft:chest":4,"minecraft:dark_oak_planks":24,"minecraft:cooked_beef":2,"minecraft:cooked_porkchop":14,"minecraft:crafting_table":4,"minecraft:dried_kelp":43,"minecraft:wooden_pickaxe":2,"minecraft:iron_helmet":2,"minecraft:iron_sword":2,"minecraft:bucket":1,"minecraft:birch_planks":52,"minecraft:stone_axe":1,"minecraft:air":0,"minecraft:iron_chestplate":3,"minecraft:shield":4,"minecraft:stick":44,"minecraft:iron_ingot":130,"minecraft:iron_pickaxe":5,"minecraft:wooden_axe":2,"minecraft:stone_sword":1,"minecraft:iron_shovel":1,"minecraft:iron_leggings":2,"minecraft:torch":44},"minecraft:dropped":{"minecraft:iron_ingot":1,"minecraft:iron_sword":1,"minecraft:wheat_seeds":1,"minecraft:cooked_porkchop":2,"minecraft:grass_block":1,"minecraft:coal":7,"minecraft:dirt":4,"minecraft:torch":5,"minecraft:sand":16,"minecraft:iron_pickaxe":1,"minecraft:string":1,"minecraft:white_wool":2,"minecraft:bone":2,"minecraft:stone_axe":1,"minecraft:kelp":10,"minecraft:stone_sword":2,"minecraft:cobbled_deepslate":62,"minecraft:wheat":2,"minecraft:rotten_flesh":5,"minecraft:cooked_mutton":4,"minecraft:shield":2,"minecraft:andesite":1,"minecraft:oak_sapling":2,"minecraft:sandstone":5,"minecraft:arrow":4,"minecraft:stone_pickaxe":3},"minecraft:used":{"minecraft:stone_sword":69,"minecraft:dried_kelp":30,"minecraft:chest":4,"minecraft:shield":36,"minecraft:iron_sword":47,"minecraft:rotten_flesh":3,"minecraft:iron_chestplate":3,"minecraft:torch":63,"minecraft:dirt":8,"minecraft:mutton":3,"minecraft:tuff":27,"minecraft:granite":1,"minecraft:wooden_axe":55,"minecraft:beef":3,"minecraft:dark_oak_boat":3,"minecraft:furnace":8,"minecraft:egg":1,"minecraft:cooked_beef":2,"minecraft:cobbled_deepslate":153,"minecraft:cooked_mutton":1,"minecraft:water_bucket":4,"minecraft:mossy_stone_bricks":1,"minecraft:diorite":12,"minecraft:stone_pickaxe":471,"minecraft:wooden_pickaxe":49,"minecraft:birch_boat":1,"minecraft:sandstone":1,"minecraft:sand":1,"minecraft:crafting_table":7,"minecraft:white_bed":1,"minecraft:dark_oak_door":1,"minecraft:oak_log":1,"minecraft:chicken":1,"minecraft:bread":11,"minecraft:iron_pickaxe":708,"minecraft:gravel":4,"minecraft:stone_axe":39,"minecraft:cobblestone":158,"minecraft:porkchop":3,"minecraft:cooked_porkchop":12,"minecraft:andesite":34,"minecraft:bucket":5},"minecraft:killed_by":{"minecraft:player":3,"minecraft:warden":22,"minecraft:skeleton":1,"minecraft:zombie":1}},"DataVersion":3839}