{"stats":{"minecraft:custom":{"minecraft:mob_kills":38,"minecraft:interact_with_crafting_table":43,"minecraft:leave_game":4,"minecraft:time_since_death":912,"minecraft:sprint_one_cm":256369,"minecraft:walk_one_cm":353401,"minecraft:damage_blocked_by_shield":980,"minecraft:drop":40,"minecraft:play_time":125714,"minecraft:deaths":5,"minecraft:sneak_time":13520,"minecraft:walk_under_water_one_cm":28446,"minecraft:boat_one_cm":118355,"minecraft:jump":2857,"minecraft:walk_on_water_one_cm":36394,"minecraft:total_world_time":125714,"minecraft:interact_with_furnace":65,"minecraft:sleep_in_bed":1,"minecraft:time_since_rest":934,"minecraft:damage_taken":2675,"minecraft:damage_dealt":6460,"minecraft:swim_one_cm":143486,"minecraft:fly_one_cm":308475,"minecraft:player_kills":4,"minecraft:open_chest":41,"minecraft:crouch_one_cm":44187,"minecraft:fall_one_cm":73758},"minecraft:killed":{"minecraft:spider":4,"minecraft:skeleton":8,"minecraft:chicken":1,"minecraft:pig":6,"minecraft:creeper":1,"minecraft:sheep":3,"minecraft:zombie":11,"minecraft:cow":4},"minecraft:picked_up":{"minecraft:wooden_axe":1,"minecraft:crafting_table":2,"minecraft:chicken":1,"minecraft:clay_ball":48,"minecraft:shield":2,"minecraft:string":4,"minecraft:cobbled_deepslate":179,"minecraft:beef":8,"minecraft:birch_sapling":1,"minecraft:egg":1,"minecraft:furnace":2,"minecraft:dark_oak_door":1,"minecraft:stick":6,"minecraft:raw_iron":68,"minecraft:sandstone":70,"minecraft:torch":19,"minecraft:porkchop":14,"minecraft:diorite":25,"minecraft:redstone":24,"minecraft:dark_oak_planks":50,"minecraft:stone_sword":1,"minecraft:arrow":11,"minecraft:rotten_flesh":18,"minecraft:mutton":5,"minecraft:white_wool":3,"minecraft:cobblestone":272,"minecraft:birch_log":8,"minecraft:feather":2,"minecraft:lilac":5,"minecraft:andesite":30,"minecraft:leather":4,"minecraft:dark_oak_boat":2,"minecraft:tuff":1,"minecraft:oak_log":6,"minecraft:lapis_lazuli":31,"minecraft:dirt":18,"minecraft:bone":6,"minecraft:kelp":162,"minecraft:wheat_seeds":2,"minecraft:stone_pickaxe":1,"minecraft:mossy_stone_bricks":1,"minecraft:iron_sword":2,"minecraft:raw_iron_block":1,"minecraft:sand":21,"minecraft:grass_block":1,"minecraft:dark_oak_log":6,"minecraft:diamond":7,"minecraft:granite":12,"minecraft:oak_sapling":2,"minecraft:coal":94},"minecraft:broken":{"minecraft:stone_pickaxe":1},"minecraft:mined":{"minecraft:tuff":1,"minecraft:deepslate_diamond_ore":7,"minecraft:sculk_vein":9,"minecraft:dark_oak_log":7,"minecraft:granite":12,"minecraft:grass_block":6,"minecraft:kelp":2,"minecraft:sandstone":70,"minecraft:tall_seagrass":4,"minecraft:raw_iron_block":1,"minecraft:furnace":2,"minecraft:iron_ore":50,"minecraft:cobbled_deepslate":6,"minecraft:andesite":30,"minecraft:deepslate_lapis_ore":3,"minecraft:deepslate_iron_ore":22,"minecraft:stone":260,"minecraft:deepslate_redstone_ore":5,"minecraft:kelp_plant":30,"minecraft:clay":12,"minecraft:crafting_table":2,"minecraft:short_grass":17,"minecraft:sculk_sensor":9,"minecraft:cobblestone":4,"minecraft:lapis_ore":2,"minecraft:sculk":39,"minecraft:diorite":17,"minecraft:wall_torch":14,"minecraft:seagrass":4,"minecraft:birch_log":5,"minecraft:wheat":1,"minecraft:lilac":7,"minecraft:oak_log":6,"minecraft:coal_ore":94,"minecraft:sand":16,"minecraft:dirt":11,"minecraft:cracked_stone_bricks":1,"minecraft:mossy_stone_bricks":2,"minecraft:oak_leaves":4,"minecraft:deepslate":65},"minecraft:crafted":{"minecraft:oak_planks":20,"minecraft:raw_iron":9,"minecraft:dark_oak_boat":1,"minecraft:furnace":5,"minecraft:cooked_mutton":5,"minecraft:iron_boots":1,"minecraft:stone_pickaxe":5,"minecraft:chest":2,"minecraft:dark_oak_planks":24,"minecraft:cooked_beef":2,"minecraft:cooked_porkchop":14,"minecraft:crafting_table":2,"minecraft:dried_kelp":43,"minecraft:wooden_pickaxe":1,"minecraft:iron_helmet":1,"minecraft:iron_sword":2,"minecraft:bucket":1,"minecraft:birch_planks":32,"minecraft:stone_axe":1,"minecraft:air":0,"minecraft:iron_chestplate":2,"minecraft:shield":3,"minecraft:stick":28,"minecraft:iron_ingot":88,"minecraft:iron_pickaxe":3,"minecraft:wooden_axe":1,"minecraft:stone_sword":1,"minecraft:iron_leggings":1,"minecraft:torch":36},"minecraft:dropped":{"minecraft:iron_ingot":1,"minecraft:iron_sword":1,"minecraft:wheat_seeds":1,"minecraft:cooked_porkchop":2,"minecraft:grass_block":1,"minecraft:torch":1,"minecraft:sand":16,"minecraft:string":1,"minecraft:white_wool":2,"minecraft:stone_sword":2,"minecraft:cobbled_deepslate":62,"minecraft:rotten_flesh":3,"minecraft:cooked_mutton":4,"minecraft:shield":2,"minecraft:andesite":1,"minecraft:oak_sapling":2,"minecraft:sandstone":5,"minecraft:stone_pickaxe":1},"minecraft:used":{"minecraft:stone_sword":69,"minecraft:dried_kelp":30,"minecraft:chest":2,"minecraft:shield":29,"minecraft:iron_sword":40,"minecraft:rotten_flesh":2,"minecraft:iron_chestplate":1,"minecraft:torch":47,"minecraft:dirt":5,"minecraft:mutton":1,"minecraft:wooden_axe":21,"minecraft:beef":1,"minecraft:dark_oak_boat":3,"minecraft:furnace":7,"minecraft:egg":1,"minecraft:cooked_beef":2,"minecraft:cobbled_deepslate":84,"minecraft:cooked_mutton":1,"minecraft:mossy_stone_bricks":1,"minecraft:water_bucket":4,"minecraft:stone_pickaxe":411,"minecraft:wooden_pickaxe":40,"minecraft:sandstone":1,"minecraft:sand":1,"minecraft:crafting_table":4,"minecraft:dark_oak_door":1,"minecraft:oak_log":1,"minecraft:chicken":1,"minecraft:iron_pickaxe":294,"minecraft:stone_axe":39,"minecraft:cobblestone":135,"minecraft:cooked_porkchop":12,"minecraft:andesite":2,"minecraft:bucket":5},"minecraft:killed_by":{"minecraft:skeleton":1,"minecraft:zombie":1}},"DataVersion":3839}