{"stats":{"minecraft:mined":{"minecraft:diamond_ore":2,"minecraft:deepslate_diamond_ore":14,"minecraft:birch_fence_gate":2,"minecraft:granite":12,"minecraft:grass_block":10,"minecraft:brown_mushroom_block":7,"minecraft:iron_ore":18,"minecraft:cobbled_deepslate":48,"minecraft:andesite":13,"minecraft:deepslate_iron_ore":19,"minecraft:stone":172,"minecraft:brown_mushroom":6,"minecraft:dandelion":2,"minecraft:crafting_table":2,"minecraft:torch":9,"minecraft:short_grass":112,"minecraft:rose_bush":3,"minecraft:mushroom_stem":10,"minecraft:cobblestone":1,"minecraft:tall_grass":23,"minecraft:deepslate_gold_ore":21,"minecraft:sugar_cane":6,"minecraft:diorite":5,"minecraft:wall_torch":8,"minecraft:birch_sapling":4,"minecraft:birch_planks":2,"minecraft:birch_log":57,"minecraft:wheat":23,"minecraft:lilac":2,"minecraft:birch_leaves":5,"minecraft:coal_ore":89,"minecraft:sunflower":4,"minecraft:sand":2,"minecraft:dirt":23,"minecraft:red_mushroom_block":19,"minecraft:birch_fence":15,"minecraft:deepslate":332},"minecraft:picked_up":{"minecraft:birch_door":2,"minecraft:crafting_table":5,"minecraft:wheat":25,"minecraft:azure_bluet":2,"minecraft:chicken":7,"minecraft:leather_leggings":1,"minecraft:brown_mushroom":14,"minecraft:wooden_pickaxe":4,"minecraft:string":4,"minecraft:birch_fence":15,"minecraft:cobbled_deepslate":936,"minecraft:beef":4,"minecraft:rose_bush":3,"minecraft:iron_pickaxe":5,"minecraft:sugar_cane":22,"minecraft:birch_sapling":45,"minecraft:egg":3,"minecraft:raw_iron":64,"minecraft:stick":44,"minecraft:torch":49,"minecraft:bowl":246,"minecraft:diorite":7,"minecraft:diamond_chestplate":1,"minecraft:rotten_flesh":6,"minecraft:stone_sword":2,"minecraft:arrow":2,"minecraft:cobblestone":390,"minecraft:birch_log":82,"minecraft:lilac":2,"minecraft:feather":15,"minecraft:cooked_beef":7,"minecraft:andesite":6,"minecraft:leather":31,"minecraft:red_mushroom":2,"minecraft:birch_planks":147,"minecraft:tuff":8,"minecraft:dirt":78,"minecraft:leather_boots":1,"minecraft:cooked_mutton":2,"minecraft:bone":8,"minecraft:wheat_seeds":106,"minecraft:raw_gold":66,"minecraft:stone_pickaxe":8,"minecraft:iron_ingot":7,"minecraft:oak_planks":83,"minecraft:cooked_porkchop":4,"minecraft:birch_boat":3,"minecraft:dandelion":8,"minecraft:gravel":1,"minecraft:birch_fence_gate":2,"minecraft:spider_eye":2,"minecraft:diamond":34,"minecraft:stone_axe":5,"minecraft:granite":34,"minecraft:coal":158,"minecraft:diamond_pickaxe":3,"minecraft:sunflower":2},"minecraft:killed":{"minecraft:spider":2,"minecraft:skeleton":5,"minecraft:chicken":3,"minecraft:zombie":12,"minecraft:cow":2},"minecraft:dropped":{"minecraft:wheat_seeds":4,"minecraft:lilac":2,"minecraft:granite":1,"minecraft:rose_bush":3,"minecraft:sunflower":2,"minecraft:iron_pickaxe":1,"minecraft:gravel":1,"minecraft:stone_axe":1,"minecraft:bowl":5,"minecraft:birch_sapling":8,"minecraft:birch_boat":3,"minecraft:stone_pickaxe":4},"minecraft:broken":{"minecraft:stone_pickaxe":3,"minecraft:wooden_hoe":1},"minecraft:used":{"minecraft:stone_sword":148,"minecraft:ladder":9,"minecraft:cooked_chicken":2,"minecraft:rotten_flesh":6,"minecraft:torch":164,"minecraft:dirt":71,"minecraft:azure_bluet":1,"minecraft:birch_door":1,"minecraft:birch_sapling":7,"minecraft:diamond_chestplate":1,"minecraft:furnace":1,"minecraft:egg":2,"minecraft:cooked_beef":10,"minecraft:cobbled_deepslate":135,"minecraft:wheat_seeds":40,"minecraft:cooked_mutton":2,"minecraft:diorite":5,"minecraft:birch_planks":66,"minecraft:stone_pickaxe":648,"minecraft:oak_planks":36,"minecraft:birch_boat":2,"minecraft:wooden_pickaxe":18,"minecraft:sugar_cane":11,"minecraft:crafting_table":7,"minecraft:mushroom_stew":2,"minecraft:birch_fence":15,"minecraft:wooden_hoe":98,"minecraft:birch_fence_gate":2,"minecraft:chicken":1,"minecraft:bread":6,"minecraft:iron_pickaxe":112,"minecraft:stone_axe":101,"minecraft:cobblestone":10,"minecraft:cooked_porkchop":4,"minecraft:andesite":6},"minecraft:crafted":{"minecraft:leather_leggings":1,"minecraft:leather_boots":1,"minecraft:birch_boat":5,"minecraft:cooked_chicken":2,"minecraft:furnace":1,"minecraft:mushroom_stew":2,"minecraft:ladder":9,"minecraft:stone_pickaxe":6,"minecraft:birch_door":3,"minecraft:cooked_beef":3,"minecraft:crafting_table":4,"minecraft:wooden_pickaxe":1,"minecraft:bowl":128,"minecraft:birch_planks":228,"minecraft:stone_axe":1,"minecraft:bread":6,"minecraft:air":0,"minecraft:wooden_hoe":1,"minecraft:diamond_pickaxe":3,"minecraft:stick":80,"minecraft:iron_pickaxe":1,"minecraft:iron_ingot":5,"minecraft:stone_sword":1,"minecraft:torch":128,"minecraft:diamond_chestplate":1},"minecraft:killed_by":{"minecraft:player":1,"minecraft:spider":1,"minecraft:skeleton":2,"minecraft:zombie":1},"minecraft:custom":{"minecraft:mob_kills":25,"minecraft:interact_with_crafting_table":25,"minecraft:leave_game":14,"minecraft:time_since_death":2800,"minecraft:climb_one_cm":2264,"minecraft:sprint_one_cm":449171,"minecraft:walk_one_cm":454326,"minecraft:drop":26,"minecraft:play_time":152363,"minecraft:deaths":5,"minecraft:sneak_time":4927,"minecraft:walk_under_water_one_cm":7770,"minecraft:boat_one_cm":273220,"minecraft:jump":1994,"minecraft:walk_on_water_one_cm":17972,"minecraft:total_world_time":152363,"minecraft:interact_with_furnace":29,"minecraft:time_since_rest":2833,"minecraft:damage_taken":3232,"minecraft:damage_dealt":5072,"minecraft:swim_one_cm":29762,"minecraft:fly_one_cm":176962,"minecraft:player_kills":1,"minecraft:open_chest":8,"minecraft:crouch_one_cm":13558,"minecraft:fall_one_cm":32819}},"DataVersion":3839}