{"stats":{"minecraft:custom":{"minecraft:interact_with_furnace":27,"minecraft:mob_kills":19,"minecraft:interact_with_crafting_table":24,"minecraft:leave_game":13,"minecraft:time_since_death":11786,"minecraft:climb_one_cm":2264,"minecraft:time_since_rest":11837,"minecraft:sprint_one_cm":431033,"minecraft:damage_taken":2802,"minecraft:walk_one_cm":422100,"minecraft:drop":26,"minecraft:damage_dealt":4044,"minecraft:swim_one_cm":29762,"minecraft:player_kills":1,"minecraft:fly_one_cm":170615,"minecraft:open_chest":7,"minecraft:crouch_one_cm":8983,"minecraft:play_time":146364,"minecraft:sneak_time":3964,"minecraft:deaths":4,"minecraft:walk_under_water_one_cm":7770,"minecraft:boat_one_cm":273220,"minecraft:jump":1888,"minecraft:walk_on_water_one_cm":17085,"minecraft:total_world_time":146364,"minecraft:fall_one_cm":28084},"minecraft:killed":{"minecraft:spider":1,"minecraft:skeleton":2,"minecraft:zombie":10,"minecraft:chicken":3,"minecraft:cow":2},"minecraft:picked_up":{"minecraft:birch_log":82,"minecraft:crafting_table":5,"minecraft:wheat":21,"minecraft:lilac":2,"minecraft:feather":10,"minecraft:cooked_beef":7,"minecraft:chicken":5,"minecraft:andesite":6,"minecraft:leather":28,"minecraft:brown_mushroom":14,"minecraft:wooden_pickaxe":4,"minecraft:red_mushroom":2,"minecraft:birch_planks":111,"minecraft:tuff":8,"minecraft:string":1,"minecraft:dirt":78,"minecraft:cooked_mutton":2,"minecraft:birch_fence":14,"minecraft:wheat_seeds":77,"minecraft:cobbled_deepslate":712,"minecraft:raw_gold":44,"minecraft:iron_ingot":4,"minecraft:beef":4,"minecraft:stone_pickaxe":7,"minecraft:rose_bush":3,"minecraft:iron_pickaxe":4,"minecraft:sugar_cane":22,"minecraft:birch_sapling":37,"minecraft:oak_planks":83,"minecraft:egg":3,"minecraft:stick":33,"minecraft:raw_iron":51,"minecraft:cooked_porkchop":4,"minecraft:birch_boat":2,"minecraft:torch":48,"minecraft:bowl":123,"minecraft:dandelion":4,"minecraft:gravel":1,"minecraft:birch_fence_gate":2,"minecraft:diorite":7,"minecraft:stone_sword":1,"minecraft:arrow":1,"minecraft:rotten_flesh":6,"minecraft:diamond":34,"minecraft:stone_axe":4,"minecraft:granite":23,"minecraft:coal":123,"minecraft:cobblestone":325,"minecraft:sunflower":2},"minecraft:broken":{"minecraft:stone_pickaxe":3,"minecraft:wooden_hoe":1},"minecraft:mined":{"minecraft:diamond_ore":2,"minecraft:brown_mushroom":6,"minecraft:deepslate_diamond_ore":14,"minecraft:dandelion":2,"minecraft:crafting_table":2,"minecraft:torch":8,"minecraft:birch_fence_gate":2,"minecraft:granite":12,"minecraft:short_grass":106,"minecraft:grass_block":10,"minecraft:rose_bush":3,"minecraft:mushroom_stem":10,"minecraft:brown_mushroom_block":7,"minecraft:tall_grass":22,"minecraft:deepslate_gold_ore":21,"minecraft:sugar_cane":6,"minecraft:diorite":5,"minecraft:wall_torch":8,"minecraft:birch_sapling":4,"minecraft:iron_ore":18,"minecraft:birch_log":57,"minecraft:cobbled_deepslate":48,"minecraft:wheat":23,"minecraft:lilac":2,"minecraft:birch_leaves":5,"minecraft:andesite":13,"minecraft:coal_ore":89,"minecraft:deepslate_iron_ore":19,"minecraft:sunflower":1,"minecraft:sand":2,"minecraft:dirt":23,"minecraft:red_mushroom_block":19,"minecraft:stone":172,"minecraft:deepslate":332,"minecraft:birch_fence":15},"minecraft:crafted":{"minecraft:cooked_beef":3,"minecraft:leather_leggings":1,"minecraft:leather_boots":1,"minecraft:crafting_table":4,"minecraft:birch_boat":5,"minecraft:wooden_pickaxe":1,"minecraft:cooked_chicken":2,"minecraft:bowl":128,"minecraft:furnace":1,"minecraft:mushroom_stew":2,"minecraft:birch_planks":228,"minecraft:stone_axe":1,"minecraft:bread":6,"minecraft:air":0,"minecraft:wooden_hoe":1,"minecraft:diamond_pickaxe":3,"minecraft:ladder":9,"minecraft:stick":80,"minecraft:iron_ingot":5,"minecraft:iron_pickaxe":1,"minecraft:stone_pickaxe":6,"minecraft:stone_sword":1,"minecraft:torch":128,"minecraft:diamond_chestplate":1},"minecraft:dropped":{"minecraft:gravel":1,"minecraft:stone_axe":1,"minecraft:wheat_seeds":4,"minecraft:lilac":2,"minecraft:bowl":5,"minecraft:birch_sapling":8,"minecraft:granite":1,"minecraft:rose_bush":3,"minecraft:sunflower":2,"minecraft:birch_boat":3,"minecraft:stone_pickaxe":4,"minecraft:iron_pickaxe":1},"minecraft:used":{"minecraft:diorite":5,"minecraft:wheat_seeds":40,"minecraft:stone_sword":107,"minecraft:birch_planks":8,"minecraft:stone_pickaxe":648,"minecraft:ladder":9,"minecraft:oak_planks":33,"minecraft:wooden_pickaxe":18,"minecraft:birch_boat":2,"minecraft:sugar_cane":11,"minecraft:cooked_chicken":2,"minecraft:rotten_flesh":6,"minecraft:torch":159,"minecraft:dirt":71,"minecraft:crafting_table":7,"minecraft:mushroom_stew":2,"minecraft:birch_fence":14,"minecraft:wooden_hoe":98,"minecraft:bread":4,"minecraft:chicken":1,"minecraft:birch_fence_gate":2,"minecraft:birch_sapling":7,"minecraft:iron_pickaxe":111,"minecraft:stone_axe":99,"minecraft:diamond_chestplate":1,"minecraft:cobblestone":8,"minecraft:furnace":1,"minecraft:cooked_porkchop":4,"minecraft:andesite":6,"minecraft:egg":2,"minecraft:cooked_beef":10,"minecraft:cobbled_deepslate":135,"minecraft:cooked_mutton":2},"minecraft:killed_by":{"minecraft:player":1,"minecraft:skeleton":2,"minecraft:zombie":1}},"DataVersion":3839}