{"stats":{"minecraft:mined":{"minecraft:tuff":4,"minecraft:deepslate_diamond_ore":1,"minecraft:dandelion":1,"minecraft:clay":2,"minecraft:crafting_table":4,"minecraft:short_grass":407,"minecraft:granite":12,"minecraft:grass_block":18,"minecraft:rose_bush":1,"minecraft:cobblestone":10,"minecraft:copper_ore":2,"minecraft:tall_grass":30,"minecraft:deepslate_gold_ore":1,"minecraft:sugar_cane":6,"minecraft:furnace":5,"minecraft:iron_ore":4,"minecraft:birch_log":56,"minecraft:cobbled_deepslate":6,"minecraft:wheat":20,"minecraft:birch_leaves":20,"minecraft:andesite":20,"minecraft:coal_ore":52,"minecraft:oak_log":62,"minecraft:deepslate_iron_ore":7,"minecraft:sunflower":17,"minecraft:gravel":7,"minecraft:dirt":25,"minecraft:stone":159,"minecraft:white_wool":1,"minecraft:oak_leaves":17,"minecraft:deepslate":236},"minecraft:picked_up":{"minecraft:birch_log":56,"minecraft:crafting_table":4,"minecraft:wheat":9,"minecraft:feather":1,"minecraft:cooked_beef":5,"minecraft:chicken":2,"minecraft:clay_ball":8,"minecraft:andesite":23,"minecraft:salmon":1,"minecraft:brown_wool":1,"minecraft:leather":22,"minecraft:brown_mushroom":2,"minecraft:wooden_pickaxe":3,"minecraft:birch_planks":15,"minecraft:tuff":2,"minecraft:oak_log":61,"minecraft:dirt":35,"minecraft:raw_copper":9,"minecraft:wooden_sword":1,"minecraft:cooked_mutton":6,"minecraft:bone":5,"minecraft:birch_fence":2,"minecraft:wheat_seeds":90,"minecraft:cobbled_deepslate":242,"minecraft:raw_gold":1,"minecraft:beef":32,"minecraft:stone_pickaxe":3,"minecraft:rose_bush":6,"minecraft:sugar_cane":10,"minecraft:birch_sapling":7,"minecraft:furnace":5,"minecraft:egg":1,"minecraft:stick":6,"minecraft:raw_iron":13,"minecraft:cooked_porkchop":9,"minecraft:birch_boat":1,"minecraft:torch":1,"minecraft:gravel":6,"minecraft:porkchop":25,"minecraft:stone_sword":2,"minecraft:arrow":7,"minecraft:rotten_flesh":19,"minecraft:diamond":1,"minecraft:stone_axe":2,"minecraft:granite":11,"minecraft:gray_wool":2,"minecraft:oak_sapling":3,"minecraft:mutton":37,"minecraft:coal":79,"minecraft:sunflower":10,"minecraft:white_wool":25,"minecraft:cobblestone":226,"minecraft:wooden_axe":1},"minecraft:killed":{"minecraft:pig":11,"minecraft:salmon":1,"minecraft:skeleton":4,"minecraft:sheep":26,"minecraft:zombie":16,"minecraft:chicken":2,"minecraft:cow":15},"minecraft:dropped":{"minecraft:stone_axe":2,"minecraft:cooked_beef":6,"minecraft:stone_sword":2,"minecraft:cobblestone":87,"minecraft:oak_planks":24,"minecraft:cooked_mutton":2,"minecraft:torch":1,"minecraft:wooden_axe":1,"minecraft:rose_bush":3,"minecraft:wooden_sword":1,"minecraft:sunflower":10,"minecraft:stone_pickaxe":2,"minecraft:white_wool":2},"minecraft:broken":{"minecraft:stone_pickaxe":2,"minecraft:stone_axe":2,"minecraft:wooden_axe":1,"minecraft:wooden_pickaxe":1},"minecraft:used":{"minecraft:cooked_mutton":10,"minecraft:wheat_seeds":67,"minecraft:water_bucket":3,"minecraft:stone_sword":7,"minecraft:stone_pickaxe":452,"minecraft:oak_planks":9,"minecraft:wooden_pickaxe":87,"minecraft:birch_boat":1,"minecraft:iron_sword":3,"minecraft:torch":48,"minecraft:dirt":3,"minecraft:mutton":2,"minecraft:crafting_table":12,"minecraft:oak_log":3,"minecraft:wooden_axe":54,"minecraft:wooden_hoe":13,"minecraft:iron_pickaxe":38,"minecraft:stone_axe":343,"minecraft:cobblestone":38,"minecraft:beef":2,"minecraft:furnace":9,"minecraft:cooked_porkchop":9,"minecraft:andesite":5,"minecraft:bucket":3,"minecraft:cooked_beef":9,"minecraft:bone_meal":3,"minecraft:cobbled_deepslate":35},"minecraft:crafted":{"minecraft:cooked_beef":27,"minecraft:oak_planks":212,"minecraft:cooked_porkchop":13,"minecraft:crafting_table":9,"minecraft:wooden_pickaxe":2,"minecraft:iron_sword":1,"minecraft:furnace":7,"minecraft:bone_meal":3,"minecraft:bucket":1,"minecraft:birch_planks":68,"minecraft:stone_axe":6,"minecraft:cooked_mutton":22,"minecraft:wooden_hoe":1,"minecraft:stick":64,"minecraft:iron_ingot":27,"minecraft:iron_pickaxe":2,"minecraft:stone_pickaxe":9,"minecraft:wooden_axe":1,"minecraft:torch":52},"minecraft:killed_by":{"minecraft:player":1,"minecraft:skeleton":3,"minecraft:zombie":1},"minecraft:custom":{"minecraft:interact_with_furnace":73,"minecraft:mob_kills":75,"minecraft:interact_with_crafting_table":30,"minecraft:leave_game":8,"minecraft:time_since_death":21610,"minecraft:climb_one_cm":1106,"minecraft:time_since_rest":21682,"minecraft:sprint_one_cm":420994,"minecraft:damage_taken":3745,"minecraft:walk_one_cm":519439,"minecraft:drop":32,"minecraft:damage_dealt":8889,"minecraft:swim_one_cm":76984,"minecraft:player_kills":2,"minecraft:fly_one_cm":231921,"minecraft:open_chest":5,"minecraft:play_time":152155,"minecraft:sneak_time":215,"minecraft:deaths":7,"minecraft:walk_under_water_one_cm":5271,"minecraft:boat_one_cm":294930,"minecraft:jump":2192,"minecraft:walk_on_water_one_cm":23722,"minecraft:total_world_time":152155,"minecraft:fall_one_cm":53377}},"DataVersion":3839}