{"stats":{"minecraft:custom":{"minecraft:interact_with_furnace":51,"minecraft:mob_kills":49,"minecraft:interact_with_crafting_table":24,"minecraft:leave_game":5,"minecraft:time_since_death":17921,"minecraft:climb_one_cm":1106,"minecraft:time_since_rest":17947,"minecraft:sprint_one_cm":344983,"minecraft:damage_taken":3290,"minecraft:walk_one_cm":450953,"minecraft:drop":31,"minecraft:damage_dealt":6327,"minecraft:swim_one_cm":59837,"minecraft:player_kills":2,"minecraft:fly_one_cm":184608,"minecraft:open_chest":3,"minecraft:play_time":124930,"minecraft:sneak_time":215,"minecraft:deaths":6,"minecraft:walk_under_water_one_cm":3977,"minecraft:boat_one_cm":294930,"minecraft:jump":1732,"minecraft:walk_on_water_one_cm":21368,"minecraft:total_world_time":124930,"minecraft:fall_one_cm":40340},"minecraft:killed":{"minecraft:pig":10,"minecraft:salmon":1,"minecraft:skeleton":4,"minecraft:sheep":12,"minecraft:zombie":13,"minecraft:chicken":1,"minecraft:cow":8},"minecraft:picked_up":{"minecraft:birch_log":56,"minecraft:crafting_table":1,"minecraft:wheat":9,"minecraft:feather":1,"minecraft:cooked_beef":1,"minecraft:chicken":1,"minecraft:clay_ball":8,"minecraft:andesite":23,"minecraft:salmon":1,"minecraft:brown_wool":1,"minecraft:leather":13,"minecraft:brown_mushroom":2,"minecraft:wooden_pickaxe":3,"minecraft:birch_planks":15,"minecraft:tuff":2,"minecraft:oak_log":40,"minecraft:dirt":22,"minecraft:wooden_sword":1,"minecraft:cooked_mutton":2,"minecraft:bone":5,"minecraft:birch_fence":2,"minecraft:wheat_seeds":90,"minecraft:cobbled_deepslate":242,"minecraft:raw_gold":1,"minecraft:beef":16,"minecraft:stone_pickaxe":3,"minecraft:rose_bush":6,"minecraft:sugar_cane":10,"minecraft:birch_sapling":7,"minecraft:egg":1,"minecraft:furnace":2,"minecraft:stick":4,"minecraft:raw_iron":11,"minecraft:birch_boat":1,"minecraft:torch":1,"minecraft:gravel":4,"minecraft:porkchop":22,"minecraft:stone_sword":2,"minecraft:arrow":7,"minecraft:rotten_flesh":17,"minecraft:diamond":1,"minecraft:stone_axe":1,"minecraft:granite":11,"minecraft:gray_wool":2,"minecraft:oak_sapling":1,"minecraft:mutton":16,"minecraft:coal":14,"minecraft:sunflower":10,"minecraft:white_wool":11,"minecraft:cobblestone":181,"minecraft:wooden_axe":1},"minecraft:broken":{"minecraft:stone_pickaxe":2,"minecraft:stone_axe":1,"minecraft:wooden_axe":1,"minecraft:wooden_pickaxe":1},"minecraft:mined":{"minecraft:tuff":4,"minecraft:deepslate_diamond_ore":1,"minecraft:dandelion":1,"minecraft:clay":2,"minecraft:crafting_table":1,"minecraft:short_grass":402,"minecraft:granite":12,"minecraft:grass_block":13,"minecraft:rose_bush":1,"minecraft:tall_grass":28,"minecraft:deepslate_gold_ore":1,"minecraft:sugar_cane":6,"minecraft:furnace":2,"minecraft:iron_ore":2,"minecraft:birch_log":56,"minecraft:cobbled_deepslate":6,"minecraft:wheat":20,"minecraft:birch_leaves":20,"minecraft:andesite":20,"minecraft:coal_ore":6,"minecraft:oak_log":41,"minecraft:deepslate_iron_ore":7,"minecraft:sunflower":17,"minecraft:gravel":5,"minecraft:dirt":16,"minecraft:stone":123,"minecraft:white_wool":1,"minecraft:oak_leaves":7,"minecraft:deepslate":236},"minecraft:crafted":{"minecraft:cooked_beef":15,"minecraft:oak_planks":156,"minecraft:cooked_porkchop":13,"minecraft:crafting_table":8,"minecraft:wooden_pickaxe":2,"minecraft:iron_sword":1,"minecraft:furnace":5,"minecraft:bone_meal":3,"minecraft:bucket":1,"minecraft:birch_planks":68,"minecraft:stone_axe":4,"minecraft:cooked_mutton":3,"minecraft:wooden_hoe":1,"minecraft:stick":56,"minecraft:iron_ingot":27,"minecraft:iron_pickaxe":2,"minecraft:stone_pickaxe":7,"minecraft:wooden_axe":1,"minecraft:torch":44},"minecraft:dropped":{"minecraft:stone_axe":1,"minecraft:cooked_beef":6,"minecraft:stone_sword":2,"minecraft:cobblestone":87,"minecraft:oak_planks":24,"minecraft:cooked_mutton":2,"minecraft:torch":1,"minecraft:wooden_axe":1,"minecraft:rose_bush":3,"minecraft:wooden_sword":1,"minecraft:sunflower":10,"minecraft:stone_pickaxe":2,"minecraft:white_wool":2},"minecraft:used":{"minecraft:cooked_mutton":3,"minecraft:wheat_seeds":67,"minecraft:water_bucket":3,"minecraft:stone_sword":7,"minecraft:stone_pickaxe":343,"minecraft:oak_planks":9,"minecraft:wooden_pickaxe":87,"minecraft:birch_boat":1,"minecraft:iron_sword":3,"minecraft:torch":44,"minecraft:dirt":3,"minecraft:mutton":2,"minecraft:crafting_table":8,"minecraft:oak_log":1,"minecraft:wooden_axe":54,"minecraft:wooden_hoe":13,"minecraft:iron_pickaxe":38,"minecraft:stone_axe":245,"minecraft:cobblestone":4,"minecraft:beef":2,"minecraft:furnace":5,"minecraft:cooked_porkchop":9,"minecraft:andesite":5,"minecraft:bucket":3,"minecraft:cooked_beef":9,"minecraft:bone_meal":3,"minecraft:cobbled_deepslate":35},"minecraft:killed_by":{"minecraft:player":1,"minecraft:skeleton":3,"minecraft:zombie":1}},"DataVersion":3839}