{"stats":{"minecraft:custom":{"minecraft:interact_with_furnace":62,"minecraft:mob_kills":67,"minecraft:interact_with_crafting_table":29,"minecraft:leave_game":7,"minecraft:time_since_death":15633,"minecraft:climb_one_cm":1106,"minecraft:time_since_rest":15705,"minecraft:sprint_one_cm":410061,"minecraft:damage_taken":3620,"minecraft:walk_one_cm":496882,"minecraft:drop":31,"minecraft:damage_dealt":7909,"minecraft:swim_one_cm":76984,"minecraft:player_kills":2,"minecraft:fly_one_cm":225728,"minecraft:open_chest":5,"minecraft:play_time":146178,"minecraft:sneak_time":215,"minecraft:deaths":7,"minecraft:walk_under_water_one_cm":5271,"minecraft:boat_one_cm":294930,"minecraft:jump":2073,"minecraft:walk_on_water_one_cm":23722,"minecraft:total_world_time":146178,"minecraft:fall_one_cm":50751},"minecraft:killed":{"minecraft:pig":11,"minecraft:salmon":1,"minecraft:skeleton":4,"minecraft:sheep":21,"minecraft:zombie":13,"minecraft:chicken":2,"minecraft:cow":15},"minecraft:picked_up":{"minecraft:birch_log":56,"minecraft:crafting_table":4,"minecraft:wheat":9,"minecraft:feather":1,"minecraft:cooked_beef":1,"minecraft:chicken":2,"minecraft:clay_ball":8,"minecraft:andesite":23,"minecraft:salmon":1,"minecraft:brown_wool":1,"minecraft:leather":22,"minecraft:brown_mushroom":2,"minecraft:wooden_pickaxe":3,"minecraft:birch_planks":15,"minecraft:tuff":2,"minecraft:oak_log":60,"minecraft:dirt":32,"minecraft:wooden_sword":1,"minecraft:cooked_mutton":6,"minecraft:bone":5,"minecraft:birch_fence":2,"minecraft:wheat_seeds":90,"minecraft:cobbled_deepslate":242,"minecraft:raw_gold":1,"minecraft:beef":32,"minecraft:stone_pickaxe":3,"minecraft:rose_bush":6,"minecraft:sugar_cane":10,"minecraft:birch_sapling":7,"minecraft:furnace":4,"minecraft:egg":1,"minecraft:stick":6,"minecraft:raw_iron":11,"minecraft:cooked_porkchop":9,"minecraft:birch_boat":1,"minecraft:torch":1,"minecraft:gravel":6,"minecraft:porkchop":25,"minecraft:stone_sword":2,"minecraft:arrow":7,"minecraft:rotten_flesh":17,"minecraft:diamond":1,"minecraft:stone_axe":1,"minecraft:granite":11,"minecraft:gray_wool":2,"minecraft:oak_sapling":3,"minecraft:mutton":28,"minecraft:coal":59,"minecraft:sunflower":10,"minecraft:white_wool":20,"minecraft:cobblestone":211,"minecraft:wooden_axe":1},"minecraft:broken":{"minecraft:stone_pickaxe":2,"minecraft:stone_axe":2,"minecraft:wooden_axe":1,"minecraft:wooden_pickaxe":1},"minecraft:mined":{"minecraft:tuff":4,"minecraft:deepslate_diamond_ore":1,"minecraft:dandelion":1,"minecraft:clay":2,"minecraft:crafting_table":4,"minecraft:short_grass":407,"minecraft:granite":12,"minecraft:grass_block":17,"minecraft:rose_bush":1,"minecraft:tall_grass":30,"minecraft:deepslate_gold_ore":1,"minecraft:sugar_cane":6,"minecraft:furnace":4,"minecraft:iron_ore":2,"minecraft:birch_log":56,"minecraft:cobbled_deepslate":6,"minecraft:wheat":20,"minecraft:birch_leaves":20,"minecraft:andesite":20,"minecraft:coal_ore":52,"minecraft:oak_log":61,"minecraft:deepslate_iron_ore":7,"minecraft:sunflower":17,"minecraft:gravel":7,"minecraft:dirt":22,"minecraft:stone":153,"minecraft:white_wool":1,"minecraft:oak_leaves":15,"minecraft:deepslate":236},"minecraft:crafted":{"minecraft:cooked_beef":15,"minecraft:oak_planks":212,"minecraft:cooked_porkchop":13,"minecraft:crafting_table":9,"minecraft:wooden_pickaxe":2,"minecraft:iron_sword":1,"minecraft:furnace":6,"minecraft:bone_meal":3,"minecraft:bucket":1,"minecraft:birch_planks":68,"minecraft:stone_axe":6,"minecraft:cooked_mutton":12,"minecraft:wooden_hoe":1,"minecraft:stick":64,"minecraft:iron_ingot":27,"minecraft:iron_pickaxe":2,"minecraft:stone_pickaxe":9,"minecraft:wooden_axe":1,"minecraft:torch":52},"minecraft:dropped":{"minecraft:stone_axe":1,"minecraft:cooked_beef":6,"minecraft:stone_sword":2,"minecraft:cobblestone":87,"minecraft:oak_planks":24,"minecraft:cooked_mutton":2,"minecraft:torch":1,"minecraft:wooden_axe":1,"minecraft:rose_bush":3,"minecraft:wooden_sword":1,"minecraft:sunflower":10,"minecraft:stone_pickaxe":2,"minecraft:white_wool":2},"minecraft:used":{"minecraft:cooked_mutton":8,"minecraft:wheat_seeds":67,"minecraft:water_bucket":3,"minecraft:stone_sword":7,"minecraft:stone_pickaxe":431,"minecraft:oak_planks":9,"minecraft:wooden_pickaxe":87,"minecraft:birch_boat":1,"minecraft:iron_sword":3,"minecraft:torch":48,"minecraft:dirt":3,"minecraft:mutton":2,"minecraft:crafting_table":11,"minecraft:oak_log":1,"minecraft:wooden_axe":54,"minecraft:wooden_hoe":13,"minecraft:iron_pickaxe":38,"minecraft:stone_axe":318,"minecraft:cobblestone":27,"minecraft:beef":2,"minecraft:furnace":7,"minecraft:cooked_porkchop":9,"minecraft:andesite":5,"minecraft:bucket":3,"minecraft:cooked_beef":9,"minecraft:bone_meal":3,"minecraft:cobbled_deepslate":35},"minecraft:killed_by":{"minecraft:player":1,"minecraft:skeleton":3,"minecraft:zombie":1}},"DataVersion":3839}