{"stats":{"minecraft:mined":{"minecraft:tuff":1,"minecraft:white_bed":1,"minecraft:dandelion":1,"minecraft:powder_snow":7,"minecraft:clay":13,"minecraft:crafting_table":6,"minecraft:short_grass":8,"minecraft:cobblestone":1,"minecraft:lapis_ore":3,"minecraft:diorite":20,"minecraft:wall_torch":14,"minecraft:birch_planks":1,"minecraft:furnace":3,"minecraft:iron_ore":31,"minecraft:birch_log":5,"minecraft:wheat":1,"minecraft:cobbled_deepslate":5,"minecraft:andesite":15,"minecraft:birch_leaves":2,"minecraft:oak_log":10,"minecraft:coal_ore":62,"minecraft:deepslate_iron_ore":4,"minecraft:stone":187,"minecraft:oak_leaves":5,"minecraft:deepslate":148},"minecraft:picked_up":{"minecraft:wooden_axe":2,"minecraft:birch_log":5,"minecraft:crafting_table":7,"minecraft:feather":1,"minecraft:chicken":1,"minecraft:clay_ball":88,"minecraft:andesite":16,"minecraft:salmon":1,"minecraft:wooden_pickaxe":1,"minecraft:birch_planks":1,"minecraft:tuff":2,"minecraft:oak_log":10,"minecraft:shield":1,"minecraft:lapis_lazuli":18,"minecraft:string":2,"minecraft:iron_axe":1,"minecraft:pufferfish":1,"minecraft:bone":4,"minecraft:wheat_seeds":1,"minecraft:cobbled_deepslate":281,"minecraft:iron_ingot":1,"minecraft:stone_pickaxe":1,"minecraft:oak_boat":2,"minecraft:oak_planks":18,"minecraft:egg":2,"minecraft:furnace":2,"minecraft:stick":7,"minecraft:raw_iron":35,"minecraft:cooked_porkchop":1,"minecraft:torch":48,"minecraft:dandelion":1,"minecraft:porkchop":11,"minecraft:dried_kelp":31,"minecraft:diorite":20,"minecraft:white_bed":1,"minecraft:dark_oak_log":4,"minecraft:spider_eye":1,"minecraft:stone_sword":3,"minecraft:arrow":2,"minecraft:rotten_flesh":2,"minecraft:cooked_cod":1,"minecraft:stone_axe":1,"minecraft:cod":3,"minecraft:coal":199,"minecraft:cobblestone":191},"minecraft:killed":{"minecraft:pig":5,"minecraft:salmon":1,"minecraft:spider":1,"minecraft:cod":3,"minecraft:skeleton":1,"minecraft:zombie":2,"minecraft:chicken":1},"minecraft:dropped":{"minecraft:stone_axe":1,"minecraft:stone_sword":3,"minecraft:feather":1,"minecraft:pufferfish":1,"minecraft:diorite":20,"minecraft:andesite":15,"minecraft:wooden_axe":2,"minecraft:wooden_pickaxe":1},"minecraft:broken":{"minecraft:stone_pickaxe":3},"minecraft:used":{"minecraft:wheat_seeds":1,"minecraft:stone_sword":47,"minecraft:birch_planks":1,"minecraft:dried_kelp":44,"minecraft:stone_pickaxe":479,"minecraft:wooden_pickaxe":17,"minecraft:birch_boat":1,"minecraft:shield":4,"minecraft:cooked_salmon":1,"minecraft:iron_chestplate":1,"minecraft:torch":23,"minecraft:crafting_table":6,"minecraft:white_bed":1,"minecraft:oak_log":1,"minecraft:wooden_axe":25,"minecraft:iron_axe":28,"minecraft:iron_helmet":1,"minecraft:iron_boots":1,"minecraft:stone_axe":1,"minecraft:cobblestone":3,"minecraft:cooked_cod":1,"minecraft:furnace":4,"minecraft:cooked_porkchop":2,"minecraft:oak_boat":1,"minecraft:cobbled_deepslate":92,"minecraft:iron_leggings":1},"minecraft:crafted":{"minecraft:oak_planks":36,"minecraft:cooked_porkchop":10,"minecraft:crafting_table":1,"minecraft:wooden_pickaxe":1,"minecraft:dried_kelp":42,"minecraft:birch_boat":1,"minecraft:iron_helmet":1,"minecraft:iron_sword":1,"minecraft:furnace":2,"minecraft:cooked_salmon":1,"minecraft:birch_planks":20,"minecraft:stone_axe":1,"minecraft:iron_boots":1,"minecraft:iron_chestplate":1,"minecraft:shield":1,"minecraft:iron_axe":1,"minecraft:stick":28,"minecraft:iron_ingot":35,"minecraft:iron_pickaxe":1,"minecraft:stone_pickaxe":4,"minecraft:wooden_axe":1,"minecraft:stone_sword":1,"minecraft:iron_leggings":1,"minecraft:torch":32},"minecraft:custom":{"minecraft:interact_with_furnace":50,"minecraft:mob_kills":14,"minecraft:interact_with_crafting_table":32,"minecraft:leave_game":3,"minecraft:time_since_death":47444,"minecraft:climb_one_cm":236,"minecraft:time_since_rest":47566,"minecraft:sprint_one_cm":99540,"minecraft:damage_taken":889,"minecraft:walk_one_cm":136454,"minecraft:damage_blocked_by_shield":170,"minecraft:drop":44,"minecraft:damage_dealt":1506,"minecraft:swim_one_cm":17569,"minecraft:fly_one_cm":72404,"minecraft:open_chest":6,"minecraft:crouch_one_cm":235,"minecraft:play_time":88104,"minecraft:deaths":1,"minecraft:sneak_time":375,"minecraft:walk_under_water_one_cm":10929,"minecraft:boat_one_cm":208747,"minecraft:jump":998,"minecraft:walk_on_water_one_cm":21508,"minecraft:total_world_time":88104,"minecraft:fall_one_cm":15011}},"DataVersion":3839}